pmcid,doi,title,authors,journal,year,license,pages
PMC1360088,10.1186/1741-7015-4-2,How useful are post consultation letters to patients?,Roberts NJ; Partridge MR,BMC Medicine,2006,CC BY 2.0,tables_derived-PMC1360088.1_doc-p2
PMC1361487,10.1155/JBB.2005.322,Molecular Bases of β-Thalassemia in the Eastern Province of Saudi Arabia,Al-Ali AK; Al-Ateeq S; Imamwerdi BW; Al-Sowayan S; Al-Madan M; Al-Muhanna F; Bashaweri L; Qaw F,Journal of Biomedicine and Biotechnology,2005,CC BY,tables_derived-PMC1361487.1_doc-p2
PMC1361489,10.1155/JBB.2005.316,Bovine Serum Albumin Antibodies as a Disease Marker for Hepatitis E Virus Infection,Haroun M,Journal of Biomedicine and Biotechnology,2005,CC BY,rotation_skew-images_rs2bb0ef57_skew2-p1; tables_derived-PMC1361489.1_doc-p3
PMC1367834,10.1289/ehp.8425,Cancer in Persons Working in Dry Cleaning in the Nordic Countries,Lynge E; Andersen A; Rylander L; Tinnerberg H; Lindbohm ML; Pukkala E; Romundstad P; Jensen P; Clausen LB; Johansen K,Environmental Health Perspectives,2006,public domain,tables_derived-PMC1367834.1_doc-p4
PMC1382248,10.1186/1472-6793-6-1,The inflammatory and normal transcriptome of mouse bladder detrusor and mucosa,Saban MR; Hellmich HL; Turner M; Nguyen NB; Vadigepalli R; Dyer DW; Hurst RE; Centola M; Saban R,BMC Physiology,2006,CC BY 2.0,tables_derived-PMC1382248.1_doc-p8
PMC1382254,10.1186/1472-6904-6-2,High sensitivity assays for docetaxel and paclitaxel in plasma using solid-phase extraction and high-performance liquid chromatography with UV detection,Andersen A; Warren DJ; Brunsvig PF; Aamdal S; Kristensen GB; Olsen H,BMC Clinical Pharmacology,2006,CC BY 2.0,tables_derived-PMC1382254.1_doc-p7
PMC1382261,10.1186/1740-3391-4-1,Transition into daylight saving time influences the fragmentation of the rest-activity cycle,Lahti TA; Leppämäki S; Ojanen SM; Haukka J; Tuulio-Henriksson A; Lönnqvist J; Partonen T,Journal of Circadian Rhythms,2006,CC BY 2.0,tables_derived-PMC1382261.1_doc-p2
PMC1448171,10.1186/1743-422X-3-18,Human cytomegalovirus UL27 is not required for viral replication in human tissue implanted in SCID mice,Prichard MN; Quenelle DC; Bidanset DJ; Komazin G; Chou S; Drach JC; Kern ER,Virology Journal,2006,CC BY 2.0,tables_derived-PMC1448171.1_doc-p2
PMC1448206,10.1186/1477-7525-4-23,Sensitivity as outcome measure of androgen replacement: the AMS scale,Heinemann LA; Moore C; Dinger JC; Stoehr D,Health and Quality of Life Outcomes,2006,CC BY 2.0,tables_derived-PMC1448206.1_doc-p5
PMC1501027,10.1186/1471-2180-6-31,A defined medium to investigate sliding motility in a Bacillus subtilis flagella-less mutant,Fall R; Kearns DB; Nguyen T,BMC Microbiology,2006,CC BY 2.0,tables_derived-PMC1501027.1_doc-p8
PMC1508161,10.1186/1471-2482-6-6,Minimally invasive 'step-up approach' versus maximal necrosectomy in patients with acute necrotising pancreatitis (PANTER trial): design and rationale of a randomised controlled multicenter trial [ISRCTN38327949],Besselink MG; van Santvoort HC; Nieuwenhuijs VB; Boermeester MA; Bollen TL; Buskens E; Dejong CH; van Eijck CH; van Goor H; Hofker SS; Lameris JS; van Leeuwen MS; Ploeg RJ; van Ramshorst B; Schaapherder AF; Cuesta MA; Consten EC; Gouma DJ; van der Harst E; Hesselink EJ; Houdijk LP; Karsten TM; van Laarhoven CJ; Pierie JPE; Rosman C; Bilgen EJS; Timmer R; van der Tweel I; de Wit RJ; Witteman BJ; Gooszen HG; members of the Dutch Acute Pancreatitis Study Group,BMC Surgery,2006,CC BY 2.0,tables_derived-PMC1508161.1_doc-p3
PMC1513210,10.1186/1746-6148-2-20,The time-course of a scrapie outbreak,McIntyre KM; Gubbins S; Goldmann W; Stevenson E; Baylis M,BMC Veterinary Research,2006,CC BY 2.0,tables_derived-PMC1513210.1_doc-p2
PMC1513223,10.1186/1472-6963-6-71,Protocol for stage 1 of the GaP study (Genetic testing acceptability for Paget's disease of bone): an interview study about genetic testing and preventive treatment: would relatives of people with Paget's disease want testing and treatment if they were available?,Langston AL; Johnston M; Robertson C; Campbell MK; Entwistle VA; Marteau TM; McCallum M; Ralston SH,BMC Health Services Research,2006,CC BY 2.0,tables_derived-PMC1513223.1_doc-p5
PMC1513382,10.1186/1471-2180-6-32,Identification of DNA sequence variation in Campylobacter jejuni strains associated with the Guillain-Barré syndrome by high-throughput AFLP analysis,Godschalk PC; Bergman MP; Gorkink RF; Simons G; van den Braak N; Lastovica AJ; Endtz HP; Verbrugh HA; van Belkum A,BMC Microbiology,2006,CC BY 2.0,tables_derived-PMC1513382.1_doc-p5; tables_derived-PMC1513382.1_doc-p7; tables_derived-PMC1513382.1_doc-p8
PMC1513391,10.1186/1471-2407-6-148,Inverse association of antioxidant and phytoestrogen nutrient intake with adult glioma in the San Francisco Bay Area: a case-control study,Tedeschi-Blok N; Lee M; Sison JD; Miike R; Wrensch M,BMC Cancer,2006,CC BY 2.0,tables_derived-PMC1513391.1_doc-p10; tables_derived-PMC1513391.1_doc-p5; tables_derived-PMC1513391.1_doc-p6; tables_derived-PMC1513391.1_doc-p7; tables_derived-PMC1513391.1_doc-p8
PMC1513562,10.1186/1472-6920-6-32,Evaluating the effectiveness of a radiation safety training intervention for oncology nurses: a pretest – intervention – posttest study,Dauer LT; Kelvin JF; Horan CL; St Germain J,BMC Medical Education,2006,CC BY 2.0,tables_derived-PMC1513562.1_doc-p9
PMC1553438,10.1186/1746-160X-2-22,Normative and self-perceived orthodontic treatment need of a Peruvian university population,Bernabé E; Flores-Mir C,Head & Face Medicine,2006,CC BY 2.0,tables_derived-PMC1553438.1_doc-p4
PMC1553452,10.1186/1475-9276-5-7,"Inequalities in health: a comparative study between ethnic Norwegians and Pakistanis in Oslo, Norway",Syed HR; Dalgard OS; Hussain A; Dalen I; Claussen B; Ahlberg NL,International Journal for Equity in Health,2006,CC BY 2.0,tables_derived-PMC1553452.1_doc-p6
PMC1553455,10.1186/1744-9081-2-26,Parietal function in good and poor readers,Laycock R; Crewther SG; Kiely PM; Crewther DP,Behavioral and Brain Functions,2006,CC BY 2.0,tables_derived-PMC1553455.1_doc-p6
PMC1553469,10.1186/1476-4598-5-22,CDDO-Imidazolide inhibits growth and survival of c-Myc-induced mouse B cell and plasma cell neoplasms,Han SS; Peng L; Chung ST; DuBois W; Maeng SH; Shaffer AL; Sporn MB; Janz S,Molecular Cancer,2006,CC BY 2.0,tables_derived-PMC1553469.1_doc-p8
PMC1613234,10.1186/1746-4269-2-39,"The mother – child nexus. Knowledge and valuation of wild food plants in Wayanad, Western Ghats, India",Cruz García GS,Journal of Ethnobiology and Ethnomedicine,2006,CC BY 2.0,tables_derived-PMC1613234.1_doc-p5
PMC1615878,10.1186/1471-2458-6-247,Normative data and discriminative properties of short form 36 (SF-36) in Turkish urban population,Demiral Y; Ergor G; Unal B; Semin S; Akvardar Y; Kıvırcık B; Alptekin K,BMC Public Health,2006,CC BY 2.0,tables_derived-PMC1615878.1_doc-p4
PMC1654168,10.1186/1471-2490-6-30,Prevalence and trends of selected urologic conditions for VA healthcare users,Sohn MW; Zhang H; Taylor BC; Fischer MJ; Yano EM; Saigal C; Wilt TJ; the Urologic Diseases in America Project,BMC Urology,2006,CC BY 2.0,tables_derived-PMC1654168.1_doc-p4
PMC1661591,10.1186/1476-072X-5-50,Modelling multiple hospital outcomes: the impact of small area and primary care practice variation,Congdon P,International Journal of Health Geographics,2006,CC BY 2.0,tables_derived-PMC1661591.1_doc-p12
PMC1712232,10.1186/1471-213X-6-59,"Zona pellucida from fertilised human oocytes induces a voltage-dependent calcium influx and the acrosome reaction in spermatozoa, but cannot be penetrated by sperm",Patrat C; Auer J; Fauque P; Leandri RL; Jouannet P; Serres C,BMC Developmental Biology,2006,CC BY 2.0,tables_derived-PMC1712232.1_doc-p4; tables_derived-PMC1712232.1_doc-p6; tables_derived-PMC1712232.1_doc-p7
PMC1716181,10.1186/1478-7954-4-16,Improving knowledge about disability transitions by adding retrospective information to panel surveys. Population Health Metrics,Laditka JN; Wolf DA,Population Health Metrics,2006,CC BY 2.0,tables_derived-PMC1716181.1_doc-p10; tables_derived-PMC1716181.1_doc-p7
PMC1766925,10.1186/1741-7015-4-33,Communicating population health statistics through graphs: a randomised controlled trial of graph design interventions,Muscatello DJ; Searles A; Macdonald R; Jorm L,BMC Medicine,2006,CC BY 2.0,tables_derived-PMC1766925.1_doc-p9
PMC1766931,10.1186/1471-2180-6-102,Mariner mutagenesis of Brucella melitensis reveals genes with previously uncharacterized roles in virulence and survival,Wu Q; Pei J; Turse C; Ficht TA,BMC Microbiology,2006,CC BY 2.0,tables_derived-PMC1766931.1_doc-p5
PMC1769383,10.1186/1471-230X-6-41,Time trends in socioeconomic differences in incidence rates of cancers of gastro-intestinal tract in Finland,Weiderpass E; Pukkala E,BMC Gastroenterology,2006,CC BY 2.0,tables_derived-PMC1769383.1_doc-p4
PMC1785373,10.1186/1749-8090-2-6,Implantable cardioverter-defibrillators improve survival after coronary artery bypass grafting in patients with severely impaired left ventricular function,Al-Dadah AS; Voeller RK; Rahgozar P; Lawton JS; Moon MR; Pasque MK; Damiano RJ; Moazami N,Journal of Cardiothoracic Surgery,2007,CC BY 2.0,tables_derived-PMC1785373.1_doc-p3
PMC1785377,10.1186/1471-2164-8-22,Identification of candidate genes associated with cell wall digestibility and eQTL (expression quantitative trait loci) analysis in a Flint × Flint maize recombinant inbred line population,Shi C; Uzarowska A; Ouzunova M; Landbeck M; Wenzel G; Lübberstedt T,BMC Genomics,2007,CC BY 2.0,tables_derived-PMC1785377.1_doc-p7
PMC1838420,10.1186/1471-2148-7-35,Multilocus perspectives on the monophyly and phylogeny of the order Charadriiformes (Aves),Fain MG; Houde P,BMC Evolutionary Biology,2007,CC BY 2.0,tables_derived-PMC1838420.1_doc-p5
PMC1838427,10.1186/1471-2199-8-21,Evaluation of the OPTC gene in primary open angle glaucoma: functional significance of a silent change,Acharya M; Mookherjee S; Bhattacharjee A; Thakur SK; Bandyopadhyay AK; Sen A; Chakrabarti S; Ray K,BMC Molecular Biology,2007,CC BY 2.0,tables_derived-PMC1838427.1_doc-p7
PMC1974771,10.1111/j.1600-0447.2006.00950.x,Association between antenatal depression and low birthweight in a developing country,Rahman A; Bunn J; Lovel H; Creed F,Acta Psychiatrica Scandinavica,2007,CC BY 2.5,tables_derived-PMC1974771.1_doc-p4
PMC1974777,10.1111/j.1365-2052.2007.01632.x,An international parentage and identification panel for the domestic cat (Felis catus),Lipinski MJ; Amigues Y; Blasi M; Broad TE; Cherbonnel C; Cho GJ; Corley S; Daftari P; Delattre DR; Dileanis S; Flynn JM; Grattapaglia D; Guthrie A; Harper C; Karttunen PL; Kimura H; Lewis GM; Longeri M; Meriaux JC; Morita M; Morrin-O'Donnell RC; Niini T; Pedersen NC; Perrotta G; Polli M; Rittler S; Schubbert R; Strillacci MG; Van Haeringen H; Van Haeringen W; Lyons LA,Animal Genetics,2007,CC BY 2.5,tables_derived-PMC1974777.1_doc-p3
PMC1974800,10.1111/j.1365-2958.2007.05746.x,The critical role of the linear plasmid lp36 in the infectious cycle of Borrelia burgdorferi,Jewett MW; Lawrence K; Bestor AC; Tilly K; Grimm D; Shaw P; VanRaden M; Gherardini F; Rosa PA,Molecular Microbiology,2007,CC BY 2.5,tables_derived-PMC1974800.1_doc-p5
PMC1974809,10.1111/j.1462-2920.2007.01328.x,Linear chromosomes in bacteria: no straight edge advantage?,Galperin MY,Environmental Microbiology,2007,CC BY 2.5,tables_derived-PMC1974809.1_doc-p2
PMC1974811,10.1111/j.1464-5491.2007.02160.x,Rosiglitazone RECORD study: glucose control outcomes at 18 months,Home PD; Jones NP; Pocock SJ; Beck-Nielsen H; Gomis R; Hanefeld M; Komajda M; Curtis P,Diabetic Medicine,2007,CC BY 2.5,tables_derived-PMC1974811.1_doc-p6
PMC1974814,10.1111/j.1601-183X.2006.00232.x,Heritable risk factors associated with language impairments,Barry JG; Yasin I; Bishop DVM,"Genes, Brain, and Behavior",2007,CC BY 2.5,tables_derived-PMC1974814.1_doc-p4
PMC1974823,10.1111/j.1574-6968.2007.00722.x,Porphyromonas gingivalis short fimbriae are regulated by a FimS/FimR two-component system,Wu J; Lin X; Xie H,FEMS Microbiology Letters,2007,CC BY 2.5,tables_derived-PMC1974823.1_doc-p2
PMC1974832,10.1111/j.1471-0528.2007.01340.x,The influence of maternal smoking habits on the risk of subsequent stillbirth: is there a causal relation?,Högberg L; Cnattingius S,Bjog,2007,CC BY 2.5,tables_derived-PMC1974832.1_doc-p4
PMC1974838,10.1111/j.1365-2265.2007.02825.x,"A prospective, multicentre study to investigate the efficacy, safety and tolerability of octreotide LAR® (long-acting repeatable octreotide) in the primary therapy of patients with acromegaly",Mercado M; Borges F; Bouterfa H; Chang TC; Chervin A; Farrall AJ; Patocs A; Petersenn S; Podoba J; Safari M; Wardlaw J,Clinical Endocrinology,2007,CC BY 2.5,tables_derived-PMC1974838.1_doc-p4
PMC2045092,10.1186/1479-5868-4-36,Snacking behaviours of adolescents and their association with skipping meals,Savige G; MacFarlane A; Ball K; Worsley A; Crawford D,The International Journal of Behavioral Nutrition and Physical Activity,2007,CC BY 2.0,tables_derived-PMC2045092.1_doc-p7
PMC2071909,10.1186/1750-1326-2-15,An AICD-based functional screen to identify APP metabolism regulators,Zhang C; Khandelwal PJ; Chakraborty R; Cuellar TL; Sarangi S; Patel SA; Cosentino CP; O'Connor M; Lee JC; Tanzi RE; Saunders AJ,Molecular Neurodegeneration,2007,CC BY 2.0,tables_derived-PMC2071909.1_doc-p13
PMC2071912,10.1186/1471-2156-8-66,Homozygosity by descent mapping of blood pressure in the Old Order Amish: evidence for sex specific genetic architecture,McArdle PF; Dytch H; O'Connell JR; Shuldiner AR; Mitchell BD; Abney M,BMC Genetics,2007,CC BY 2.0,tables_derived-PMC2071912.1_doc-p3
PMC2071915,10.1186/1749-8104-2-17,Axon and dendrite geography predict the specificity of synaptic connections in a functioning spinal cord network,Li WC; Cooke T; Sautois B; Soffe SR; Borisyuk R; Roberts A,Neural Development,2007,CC BY 2.0,tables_derived-PMC2071915.1_doc-p11
PMC2174513,10.1186/1550-2783-4-14,Effects of a single dose of N-Acetyl-5-methoxytryptamine (Melatonin) and resistance exercise on the growth hormone/IGF-1 axis in young males and females,Nassar E; Mulligan C; Taylor L; Kerksick C; Galbreath M; Greenwood M; Kreider R; Willoughby DS,Journal of the International Society of Sports Nutrition,2007,CC BY 2.0,tables_derived-PMC2174513.1_doc-p10
PMC2180171,10.1186/1471-244X-7-64,Psychiatric assessment of suicide attempters in Japan: a pilot study at a critical emergency unit in an urban area,Yamada T; Kawanishi C; Hasegawa H; Sato R; Konishi A; Kato D; Furuno T; Kishida I; Odawara T; Sugiyama M; Hirayasu Y,BMC Psychiatry,2007,CC BY 2.0,tables_derived-PMC2180171.1_doc-p3; tables_derived-PMC2180171.1_doc-p4; tables_derived-PMC2180171.1_doc-p5; tables_derived-PMC2180171.1_doc-p6
PMC2211284,10.1186/1745-6150-2-24,Evolution of the genetic code: partial optimization of a random code for robustness to translation error in a rugged fitness landscape,Novozhilov AS; Wolf YI; Koonin EV,Biology Direct,2007,CC BY 2.0,tables_derived-PMC2211284.1_doc-p9
PMC2211290,10.1186/1747-597X-2-33,Mono- versus polydrug abuse patterns among publicly funded clients,Kedia S; Sell MA; Relyea G,"Substance Abuse Treatment, Prevention, and Policy",2007,CC BY 2.0,tables_derived-PMC2211290.1_doc-p6
PMC2241603,10.1186/1472-6807-7-83,Crystallographic characterization of two novel crystal forms of human insulin induced by chaotropic agents and a shift in pH,Norrman M; Schluckebier G,BMC Structural Biology,2007,CC BY 2.0,tables_derived-PMC2241603.1_doc-p5
PMC2241615,10.1186/1471-2458-7-349,Promotion of couples' voluntary counselling and testing for HIV through influential networks in two African capital cities,Allen S; Karita E; Chomba E; Roth DL; Telfair J; Zulu I; Clark L; Kancheya N; Conkling M; Stephenson R; Bekan B; Kimbrell K; Dunham S; Henderson F; Sinkala M; Carael M; Haworth A,BMC Public Health,2007,CC BY 2.0,tables_derived-PMC2241615.1_doc-p5
PMC2327205,10.1111/j.1460-9568.2008.06140.x,Addition of fornix transection to frontal-temporal disconnection increases the impairment in object-in-place memory in macaque monkeys,Wilson CRE; Baxter MG; Easton A; Gaffan D,The European Journal of Neuroscience,2008,CC BY 2.5,tables_derived-PMC2327205.1_doc-p4
PMC2327206,10.1111/j.1538-7836.2008.02902.x,Evidence that high von Willebrand factor and low ADAMTS-13 levels independently increase the risk of a non-fatal heart attack,CRAWLEY JTB; LANE DA; WOODWARD M; RUMLEY A; LOWE GDO,Journal of Thrombosis and Haemostasis,2008,CC BY 2.5,tables_derived-PMC2327206.1_doc-p3
PMC2329600,10.1186/1476-7120-6-14,Supernormal functional reserve of apical segments in elite soccer players: an ultrasound speckle tracking handgrip stress study,Stefani L; Toncelli L; Di Tante V; Vono MCR; Cappelli B; Pedrizzetti G; Galanti G,Cardiovascular Ultrasound,2008,CC BY 2.0,tables_derived-PMC2329600.1_doc-p5
PMC2346484,10.1186/1742-6413-5-9,Myoepithelial Cells: Any role in aspiration cytology smears of breast tumors?,Pattari SK; Dey P; Gupta SK; Joshi K,CytoJournal,2008,CC BY 2.0,tables_derived-PMC2346484.1_doc-p2
PMC2352872,10.1186/1471-2105-9-S3-S5,New challenges for text mining: mapping between text and manually curated pathways,Oda K; Kim JD; Ohta T; Okanohara D; Matsuzaki T; Tateisi Y; Tsujii J,BMC Bioinformatics,2008,CC BY 2.0,tables_derived-PMC2352872.1_doc-p10
PMC2358900,10.1186/1471-2091-9-11,A new classification system for bacterial Rieske non-heme iron aromatic ring-hydroxylating oxygenases,Kweon O; Kim SJ; Baek S; Chae JC; Adjei MD; Baek DH; Kim YC; Cerniglia CE,BMC Biochemistry,2008,CC BY 2.0,tables_derived-PMC2358900.1_doc-p4
PMC2383879,10.1186/1471-2350-9-33,Genetic and functional association of FAM5C with myocardial infarction,Connelly JJ; Shah SH; Doss JF; Gadson S; Nelson S; Crosslin DR; Hale AB; Lou X; Wang T; Haynes C; Seo D; Crossman DC; Mooser V; Granger CB; Jones CJ; Kraus WE; Hauser ER; Gregory SG,BMC Medical Genetics,2008,CC BY 2.0,tables_derived-PMC2383879.1_doc-p6
PMC2396165,10.1186/1471-2180-8-72,Identification of new genes in Sinorhizobium meliloti using the Genome Sequencer FLX system,Mao C; Evans C; Jensen RV; Sobral BW,BMC Microbiology,2008,CC BY 2.0,tables_derived-PMC2396165.1_doc-p2
PMC2427040,10.1186/1471-2164-9-265,Genome-wide survey of allele-specific splicing in humans,Nembaware V; Lupindo B; Schouest K; Spillane C; Scheffler K; Seoighe C,BMC Genomics,2008,CC BY 2.0,tables_derived-PMC2427040.1_doc-p3; tables_derived-PMC2427040.1_doc-p8
PMC2430203,10.1186/1471-2458-8-187,Italian multicenter study on infection hazards during dental practice: Control of environmental microbial contamination in public dental surgeries,Castiglia P; Liguori G; Montagna MT; Napoli C; Pasquarella C; Bergomi M; Fabiani L; Monarca S; Petti S; SItI Working Group Hygiene in Dentistry,BMC Public Health,2008,CC BY 2.0,tables_derived-PMC2430203.1_doc-p4; tables_derived-PMC2430203.1_doc-p5
PMC2530517,,Primary congenital glaucoma localizes to chromosome 14q24.2-24.3 in two consanguineous Pakistani families,Firasat S; Riazuddin SA; Hejtmancik JF; Riazuddin S,Molecular Vision,2008,CC BY 3.0,tables_derived-PMC2530517.1_doc-p4
PMC2538498,10.1186/1472-6882-8-48,"Mapping patterns of complementary and alternative medicine use in cancer: An explorative cross-sectional study of individuals with reported positive ""exceptional"" experiences",Hök J; Tishelman C; Ploner A; Forss A; Falkenberg T,BMC Complementary and Alternative Medicine,2008,CC BY 2.0,tables_derived-PMC2538498.1_doc-p7
PMC2538518,10.1186/1471-2431-8-32,Absent otoacoustic emissions predict otitis media in young Aboriginal children: A birth cohort study in Aboriginal and non-Aboriginal children in an arid zone of Western Australia,Lehmann D; Weeks S; Jacoby P; Elsbury D; Finucane J; Stokes A; Monck R; Coates H; the Kalgoorlie Otitis Media Research Project Team,BMC Pediatrics,2008,CC BY 2.0,tables_derived-PMC2538518.1_doc-p6
PMC2564842,10.1136/hrt.2007.123612,Impact on mortality following first acute myocardial infarction of distance between home and hospital: cohort study,Wei L; Lang CC; Sullivan FM; Boyle P; Wang J; Pringle SD; MacDonald TM,Heart,2008,CC BY 2.0,tables_derived-PMC2564842.1_doc-p3
PMC2564844,10.1136/jcp.2007.046649,"Bone marrow micrometastasis in breast cancer: review of detection methods, prognostic impact and biological issues",Vincent-Salomon A; Bidard FC; Pierga JY,Journal of Clinical Pathology,2008,CC BY 2.0,tables_derived-PMC2564844.1_doc-p4
PMC2564864,10.1136/oem.2007.033167,An occupational health intervention programme for workers at high risk for sickness absence. Cost effectiveness analysis based on a randomised controlled trial,Taimela S; Justén S; Aronen P; Sintonen H; Läärä E; Malmivaara A; Tiekso J; Aro T,Occupational and Environmental Medicine,2008,CC BY 2.0,tables_derived-PMC2564864.1_doc-p3
PMC2564913,10.1186/1475-2840-7-28,Prevalence of abnormal glucose metabolism in atrial fibrillation: A case control study in 75-year old subjects,Johansen OE; Brustad E; Enger S; Tveit A,Cardiovascular Diabetology,2008,CC BY 2.0,tables_derived-PMC2564913.1_doc-p4
PMC2564923,10.1186/1751-0147-50-37,Abrasions and lameness in piglets born in different farrowing systems with different types of floor,Zoric M; Nilsson E; Mattsson S; Lundeheim N; Wallgren P,Acta Veterinaria Scandinavica,2008,CC BY 2.0,tables_derived-PMC2564923.1_doc-p6
PMC2579704,10.1038/sj.bjc.6604710,Cancer mortality in the United Kingdom: projections to the year 2025,Olsen AH; Parkin DM; Sasieni P,British Journal of Cancer,2008,CC BY 4.0,tables_derived-PMC2579704.1_doc-p2
PMC2657002,10.1080/08927020802144114,Effects of active site mutations in haemoglobin I from Lucina pectinata: a molecular dynamic study,Ramirez E; Cruz A; Rodriguez D; Uchima L; Pietri R; Santana A; López-Garriga J; López GE,Molecular Simulation,2008,CC BY 2.0,tables_derived-PMC2657002.1_doc-p6
PMC2657108,10.1186/1742-4690-6-16,"APOBEC3G induces a hypermutation gradient: purifying selection at multiple steps during HIV-1 replication results in levels of G-to-A mutations that are high in DNA, intermediate in cellular viral RNA, and low in virion RNA",Russell RA; Moore MD; Hu WS; Pathak VK,Retrovirology,2009,CC BY 2.0,tables_derived-PMC2657108.1_doc-p7
PMC2680806,10.1186/1472-698X-9-7,"Socio-economic factors associated with delivery assisted by traditional birth attendants in Iraq, 2000",Siziya S; Muula AS; Rudatsikira E,BMC International Health and Human Rights,2009,CC BY 2.0,tables_derived-PMC2680806.1_doc-p3
PMC2687926,10.2174/1874364100802010037,Is Age-Related Macular Degeneration Associated with Stroke Among Elderly Americans?§,Liao D; Mo J; Duan Y; Klein R; Scott IU; Huang KA; Zhou H,The Open Ophthalmology Journal,2008,CC BY 2.5,tables_derived-PMC2687926.1_doc-p4
PMC2689651,10.1371/journal.pgen.1000528,"Comprehensive Linkage and Association Analyses Identify Haplotype, Near to the TNFSF15 Gene, Significantly Associated with Spondyloarthritis",Zinovieva E; Bourgain C; Kadi A; Letourneur F; Izac B; Said-Nahal R; Lebrun N; Cagnard N; Vigier A; Jacques S; Miceli-Richard C; Garchon HJ; Heath S; Charon C; Bacq D; Boland A; Zelenika D; Chiocchia G; Breban M,PLoS Genetics,2009,CC BY 4.0,tables_derived-PMC2689651.1_doc-p7
PMC2935282,10.1107/S0907444910031045,A smooth and differentiable bulk-solvent model for macromolecular diffraction,Fenn TD; Schnieders MJ; Brunger AT,Acta Crystallographica Section D: Biological Crystallography,2010,CC BY 2.0,tables_derived-PMC2935282.1_doc-p4
PMC2966562,10.4103/0974-2700.70747,Analyzing intra-abdominal pressures and outcomes in patients undergoing emergency laparotomy,Khan S; Verma AK; Ahmad SM; Ahmad R,"Journal of Emergencies, Trauma and Shock",2010,CC BY 2.0,tables_derived-PMC2966562.1_doc-p5
PMC3262204,10.1186/bcr3017,"A new gene expression signature, the ClinicoMolecular Triad Classification, may improve prediction and prognostication of breast cancer at the time of diagnosis",Wang DY; Done SJ; McCready DR; Boerner S; Kulkarni S; Leong WL,Breast Cancer Research : BCR,2011,CC BY 2.0,tables_derived-PMC3262204.1_doc-p6
PMC3390688,10.1007/s00520-012-1387-x,"The nutritional risk in oncology: a study of 1,453 cancer outpatients",Bozzetti F; Mariani L; Lo Vullo S; The SCRINIO Working Group; Amerio ML; Biffi R; Caccialanza R; Capuano G; Correja I; Cozzaglio L; Di Leo A; Di Cosmo L; Finocchiaro C; Gavazzi C; Giannoni A; Magnanini P; Mantovani G; Pellegrini M; Rovera GM; Rovera L; Sandri G; Tinivella M; Vigevani E,Supportive Care in Cancer,2012,CC BY 4.0,tables_derived-PMC3390688.1_doc-p7
PMC3390694,10.1007/s10552-012-9947-4,"Variation in xenobiotic transport and metabolism genes, household chemical exposures, and risk of childhood acute lymphoblastic leukemia",Chokkalingam AP; Metayer C; Scelo GA; Chang JS; Urayama KY; Aldrich MC; Guha N; Hansen HM; Dahl GV; Barcellos LF; Wiencke JK; Wiemels JL; Buffler PA,Cancer Causes & Control,2012,CC BY 4.0,tables_derived-PMC3390694.1_doc-p5
PMC3390699,10.1007/s11356-012-0764-9,Abiotic degradation of chlorinated ethanes and ethenes in water,Tobiszewski M; Namieśnik J,Environmental Science and Pollution Research International,2012,CC BY 4.0,tables_derived-PMC3390699.1_doc-p8
PMC3390703,10.1007/s11538-012-9731-3,Modeling Non-inherited Antibiotic Resistance,Bootsma MCJ; van der Horst MA; Guryeva T; ter Kuile BH; Diekmann O,Bulletin of Mathematical Biology,2012,CC BY 4.0,tables_derived-PMC3390703.1_doc-p11
PMC3456911,10.1007/s10096-012-1595-9,The safety and efficacy of live attenuated influenza vaccine in young children with asthma or prior wheezing,Ambrose CS; Dubovsky F; Yi T; Belshe RB; Ashkenazi S,European Journal of Clinical Microbiology & Infectious Diseases,2012,CC BY 4.0,tables_derived-PMC3456911.1_doc-p4
PMC3509043,10.1186/1749-799X-7-37,An ovine in vitro model for chondrocyte-based scaffold-assisted cartilage grafts,Endres M; Neumann K; Zhou B; Freymann U; Pretzel D; Stoffel M; Kinne RW; Kaps C,Journal of Orthopaedic Surgery and Research,2012,CC BY 2.0,tables_derived-PMC3509043.1_doc-p10
PMC3509073,10.3402/gha.v5i0.19065,Time-series analysis of weather and mortality patterns in Nairobi's informal settlements,Egondi T; Kyobutungi C; Kovats S; Muindi K; Ettarh R; Rocklöv J,Global Health Action,2012,CC BY 2.0,tables_derived-PMC3509073.1_doc-p4
PMC3654330,10.1155/2013/951954,Ultrasound Estimates of Visceral and Subcutaneous-Abdominal Adipose Tissues in Infancy,De Lucia Rolfe E; Modi N; Uthaya S; Hughes IA; Dunger DB; Acerini C; Stolk RP; Ong KK,Journal of Obesity,2013,CC BY 3.0,tables_derived-PMC3654330.1_doc-p2
PMC3654351,10.1155/2013/128236,Altered White Matter Integrity in the Congenital and Late Blind People,Wang D; Qin W; Liu Y; Zhang Y; Jiang T; Yu C,Neural Plasticity,2013,CC BY 3.0,tables_derived-PMC3654351.1_doc-p4
PMC3654352,10.1155/2013/416451,Variations of Lipoprotein(a) Levels in the Metabolic Syndrome: A Report from the Maracaibo City Metabolic Syndrome Prevalence Study,Bermúdez V; Rojas J; Salazar J; Bello L; Áñez R; Toledo A; Chacín M; Aguirre M; Villalobos M; Chávez M; Martínez MS; Torres W; Torres Y; Mejías J; Mengual E; Rojas L; Sánchez de Rosales M; Quevedo A; Cano R; Cabrera M; París R; Lubo A; Montiel M; Cano C,Journal of Diabetes Research,2013,CC BY 3.0,tables_derived-PMC3654352.1_doc-p8
PMC3685709,10.1007/s00167-012-2154-8,Primary ligament sutures as a treatment option of knee dislocations: a meta-analysis,Frosch KH; Preiss A; Heider S; Stengel D; Wohlmuth P; Hoffmann MF; Lill H,"Knee Surgery, Sports Traumatology, Arthroscopy",2012,CC BY 4.0,tables_derived-PMC3685709.1_doc-p4
PMC3717139,10.1186/2046-4053-2-57,Fatigue in adults with traumatic brain injury: predictors and consequences. A systematic review of longitudinal study protocols,Mollayeva T; Kendzerska T; Mollayeva S; Shapiro CM; Colantonio A; Cassidy JD,Systematic Reviews,2013,CC BY 2.0,tables_derived-PMC3717139.1_doc-p2
PMC3717140,10.1186/1478-4491-11-31,The accuracy of general practitioner workforce projections,Van Greuningen M; Batenburg RS; Van der Velden LF,Human Resources for Health,2013,CC BY 2.0,tables_derived-PMC3717140.1_doc-p4
PMC3717152,10.1007/s10822-013-9660-8,On homology modeling of the M2 muscarinic acetylcholine receptor subtype,Jakubík J; Randáková A; Doležal V,Journal of Computer-Aided Molecular Design,2013,CC BY 2.0,tables_derived-PMC3717152.1_doc-p7
PMC3717165,10.1007/s00221-013-3592-3,Visually induced postural reactivity is velocity-dependent at low temporal frequencies and frequency-dependent at high temporal frequencies,Hanssens JM; Allard R; Giraudet G; Faubert J,Experimental Brain Research,2013,CC BY 2.0,tables_derived-PMC3717165.1_doc-p7
PMC3717171,10.1111/obr.12007,Association of personality with the development and persistence of obesity: a meta-analysis based on individual–participant data,Jokela M; Hintsanen M; Hakulinen C; Batty GD; Nabi H; Singh-Manoux A; Kivimäki M,Obesity Reviews,2013,CC BY 2.5,tables_derived-PMC3717171.1_doc-p4
PMC3717178,10.1111/tmi.12006,Nutritional supplementation: the additional costs of managing children infected with HIV in resource-constrained settings,Cobb G; Bland RM,Tropical Medicine & International Health,2013,CC BY 2.5,tables_derived-PMC3717178.1_doc-p4
PMC3779592,10.1007/s11745-013-3825-z,Quantification of Phospholipids Classes in Human Milk,Giuffrida F; Cruz-Hernandez C; Flück B; Tavazzi I; Thakkar SK; Destaillats F; Braun M,Lipids,2013,CC BY 2.0,tables_derived-PMC3779592.1_doc-p5
PMC3842498,10.1016/j.ypmed.2013.07.020,Patterns and predictors of changes in active commuting over 12 months,Panter J; Griffin S; Dalton AM; Ogilvie D,Preventive Medicine,2013,CC BY 3.0,tables_derived-PMC3842498.1_doc-p2
PMC3933010,10.1186/1471-2342-14-4,A semiautomatic tool for prostate segmentation in radiotherapy treatment planning,Schulz J; Skrøvseth SO; Tømmerås VK; Marienhagen K; Godtliebsen F,BMC Medical Imaging,2014,CC BY 2.0,tables_derived-PMC3933010.1_doc-p7
PMC3933040,10.1186/1749-7922-9-10,Looking beyond discharge: clinical variables at trauma admission predict long term survival in the older severely injured patient,Bala M; Kashuk JL; Willner D; Kaluzhni D; Bdolah-Abram T; Almogy G,World Journal of Emergency Surgery : WJES,2014,CC BY 2.0,tables_derived-PMC3933040.1_doc-p5
PMC4103424,10.1093/database/bau070,Text-mining-assisted biocuration workflows in Argo,Rak R; Batista-Navarro RT; Rowley A; Carter J; Ananiadou S,Database: The Journal of Biological Databases and Curation,2014,CC BY 3.0,tables_derived-PMC4103424.1_doc-p10
PMC4162916,10.1186/1472-6963-14-368,Factors associated with the utilization of primary care emergency centers in a Spanish region with high population dispersion: a mixed-methods study,Sanz-Barbero B; Otero-García L; Blasco-Hernández T; San Sebastián M,BMC Health Services Research,2014,CC BY 2.0,tables_derived-PMC4162916.1_doc-p5
PMC4177512,10.1186/s13075-014-0415-2,"A 52-week, open-label study evaluating the safety and efficacy of tabalumab, an anti-B-cell–activating factor monoclonal antibody, for rheumatoid arthritis",Greenwald M; Szczepanski L; Kennedy A; Veenhuizen M; Komocsar WJ; Polasek E; Guerrettaz K; Berclaz PY; Lee C,Arthritis Research & Therapy,2014,CC BY 4.0,tables_derived-PMC4177512.1_doc-p7
PMC4177536,10.1186/2047-9158-2-22,Deep brain stimulation in Parkinson’s disease,Mehanna R; Lai EC,Translational Neurodegeneration,2013,CC BY 2.0,tables_derived-PMC4177536.1_doc-p5
PMC4177537,10.1186/1478-7954-11-23,"Proportion of adults achieving sufficient physical activity increases in South Australia, 1998 – 2010",Devonshire-Gill KR; Norton KI,Population Health Metrics,2013,CC BY 2.0,tables_derived-PMC4177537.1_doc-p5
PMC4276949,10.3390/cancers6041890,Mechanisms of Hepatocyte Growth Factor Activation in Cancer Tissues,Kawaguchi M; Kataoka H,Cancers,2014,CC BY 4.0,tables_derived-PMC4276949.1_doc-p3
PMC4277267,10.1371/journal.pone.0113981,Comparative Evaluation of Combined Navigated Laser Photocoagulation and Intravitreal Ranibizumab in the Treatment of Diabetic Macular Edema,Liegl R; Langer J; Seidensticker F; Reznicek L; Haritoglou C; Ulbig MW; Neubauer AS; Kampik A; Kernt M,PLoS ONE,2014,CC BY 4.0,tables_derived-PMC4277267.1_doc-p9
PMC4277324,10.1111/evo.12448,"SPONTANEOUS MUTATION ACCUMULATION IN MULTIPLE STRAINS OF THE GREEN ALGA, CHLAMYDOMONAS REINHARDTII",Morgan AD; Ness RW; Keightley PD; Colegrave N,Evolution; International Journal of Organic Evolution,2014,CC BY 3.0,tables_derived-PMC4277324.1_doc-p10; tables_derived-PMC4277324.1_doc-p12; tables_derived-PMC4277324.1_doc-p7
PMC4430587,10.1007/s00436-015-4431-1,Flesh flies (Diptera: Sarcophagidae) colonising large carcasses in Central Europe,Szpila K; Mądra A; Jarmusz M; Matuszewski S,Parasitology Research,2015,CC BY 4.0,tables_derived-PMC4430587.1_doc-p4
PMC4430588,10.1007/s11192-015-1563-0,Statistical relationships between journal use and research output at academic institutions in South Korea,Jung Y; Kim J; So M; Kim H,Scientometrics,2015,CC BY 4.0,tables_derived-PMC4430588.1_doc-p13
PMC4430597,10.1007/s10661-015-4587-2,"Assessment of exposure to soils contaminated with lead, cadmium, and arsenic near a zinc smelter, Cassiopée Study, France, 2008",Durand C; Sauthier N; Schwoebel V,Environmental Monitoring and Assessment,2015,CC BY 4.0,tables_derived-PMC4430597.1_doc-p6
PMC4430598,10.1007/s00228-015-1843-x,Inter-individual variation in morphine clearance in children,Altamimi MI; Choonara I; Sammons H,European Journal of Clinical Pharmacology,2015,CC BY 4.0,tables_derived-PMC4430598.1_doc-p3
PMC4430600,10.1007/s10577-014-9446-4,"Chromosome landmarks and autosome-sex chromosome translocations in Rumex hastatulus, a plant with XX/XY1Y2 sex chromosome system",Grabowska-Joachimiak A; Kula A; Książczyk T; Chojnicka J; Sliwinska E; Joachimiak AJ,Chromosome Research,2014,CC BY 4.0,tables_derived-PMC4430600.1_doc-p4
PMC4430602,10.1007/s10689-015-9780-5,High-resolution melting (HRM) re-analysis of a polyposis patients cohort reveals previously undetected heterozygous and mosaic APC gene mutations,Out AA; van Minderhout IJHM; van der Stoep N; van Bommel LSR; Kluijt I; Aalfs C; Voorendt M; Vossen RHAM; Nielsen M; Vasen HFA; Morreau H; Devilee P; Tops CMJ; Hes FJ,Familial Cancer,2015,CC BY 4.0,tables_derived-PMC4430602.1_doc-p4
PMC4430628,10.1155/2015/172165,Diagnostic Significance of Diffusion-Weighted MRI in Renal Cancer,Lei Y; Wang H; Li HF; Rao YW; Liu JH; Tian SF; Ju Y; Li Y; Chen AL; Chen LH; Liu AL; Sun ML,BioMed Research International,2015,CC BY 3.0,tables_derived-PMC4430628.1_doc-p4
PMC4430631,10.1155/2015/769013,Stress Assignment Errors in Surface Dyslexia: Evidence from Two Italian Patients with a Selective Deficit of the Orthographic Input Lexicon,Folegatti A; Pia L; Berti A; Cubelli R,Behavioural Neurology,2015,CC BY 3.0,tables_derived-PMC4430631.1_doc-p4
PMC4532955,10.1155/2015/314601,Fusion of Heterogeneous Intrusion Detection Systems for Network Attack Detection,Kaliappan J; Thiagarajan R; Sundararajan K,The Scientific World Journal,2015,CC BY 3.0,tables_derived-PMC4532955.1_doc-p7
PMC4670473,10.1002/nbm.3251,Hepatic arterial spin labelling MRI: an initial evaluation in mice,Ramasawmy R; Campbell-Washburn AE; Wells JA; Johnson SP; Pedley RB; Walker-Samuel S; Lythgoe MF,Nmr in Biomedicine,2015,CC BY 4.0,tables_derived-PMC4670473.1_doc-p6
PMC4670479,10.1111/resp.12463,Respiratory impedance in healthy unsedated South African infants: Effects of maternal smoking,Gray D; Czövek D; Smith E; Willemse L; Alberts A; Gingl Z; Hall GL; Zar HJ; Sly PD; Hantos Z,"Respirology (Carlton, Vic.)",2015,CC BY 4.0,tables_derived-PMC4670479.1_doc-p4
PMC4670483,10.1111/apa.13102,Breastfeeding and maternal health outcomes: a systematic review and meta-analysis,Chowdhury R; Sinha B; Sankar MJ; Taneja S; Bhandari N; Rollins N; Bahl R; Martines J,"Acta Paediatrica (Oslo, Norway : 1992)",2015,CC BY 4.0,tables_derived-PMC4670483.1_doc-p6
PMC4670492,10.1186/s12890-015-0145-5,The care needs of patients with idiopathic pulmonary fibrosis and their carers (CaNoPy): results of a qualitative study,Sampson C; Gill BH; Harrison NK; Nelson A; Byrne A,BMC Pulmonary Medicine,2015,CC BY 4.0,tables_derived-PMC4670492.1_doc-p3
PMC4704914,10.2196/mhealth.4603,Web-Based and Mobile Delivery of an Episodic Future Thinking Intervention for Overweight and Obese Families: A Feasibility Study,Sze YY; Daniel TO; Kilanowski CK; Collins RL; Epstein LH,JMIR mHealth and uHealth,2015,CC BY 2.0,tables_derived-PMC4704914.1_doc-p10
PMC4704926,10.2196/ijmr.4712,Third Molars on the Internet: A Guide for Assessing Information Quality and Readability,Hanna K; Brennan D; Sambrook P; Armfield J,Interactive Journal of Medical Research,2015,CC BY 2.0,tables_derived-PMC4704926.1_doc-p7
PMC4719578,10.1186/s12929-016-0235-6,Stearoyl-CoA desaturase indexes and n-6/n-3 fatty acids ratio as biomarkers of cardiometabolic risk factors in normal-weight rabbits fed high fat diets,Alarcón G; Roco J; Medina A; Van Nieuwenhove C; Medina M; Jerez S,Journal of Biomedical Science,2016,CC BY 4.0,tables_derived-PMC4719578.1_doc-p5
PMC4719652,10.1186/s12917-016-0642-7,Can you estimate body composition in dogs from photographs?,Gant P; Holden SL; Biourge V; German AJ,BMC Veterinary Research,2016,CC BY 4.0,tables_derived-PMC4719652.1_doc-p4
PMC4719670,10.1186/s12896-016-0236-2,A novel MVA-mediated pathway for isoprene production in engineered E. coli,Yang J; Nie Q; Liu H; Xian M; Liu H,BMC Biotechnology,2016,CC BY 4.0,tables_derived-PMC4719670.1_doc-p7
PMC4719692,10.1186/s12861-016-0102-4,Revisiting in vivo staining with alizarin red S - a valuable approach to analyse zebrafish skeletal mineralization during development and regeneration,Bensimon-Brito A; Cardeira J; Dionísio G; Huysseune A; Cancela ML; Witten PE,BMC Developmental Biology,2016,CC BY 4.0,tables_derived-PMC4719692.1_doc-p4
PMC4719693,10.1186/s13229-016-0074-z,Effect of co-twin gender on neurodevelopmental symptoms: a twin register study,Eriksson JM; Lundström S; Lichtenstein P; Bejerot S; Eriksson E,Molecular Autism,2016,CC BY 4.0,tables_derived-PMC4719693.1_doc-p4
PMC4742983,10.1089/vbz.2015.1832,First Isolation of Severe Fever with Thrombocytopenia Syndrome Virus from Haemaphysalis longicornis Ticks Collected in Severe Fever with Thrombocytopenia Syndrome Outbreak Areas in the Republic of Korea,Yun SM; Song BG; Choi W; Roh JY; Lee YJ; Park WI; Han MG; Ju YR; Lee WJ,Vector Borne and Zoonotic Diseases,2016,CC BY 4.0,tables_derived-PMC4742983.1_doc-p2
PMC4853402,10.3389/fendo.2016.00036,RFRP Neurons – The Doorway to Understanding Seasonal Reproduction in Mammals,Henningsen JB; Gauer F; Simonneaux V,Frontiers in Endocrinology,2016,CC BY 4.0,tables_derived-PMC4853402.1_doc-p6
PMC4951081,10.5888/pcd13.150480,A Methodological Approach to Small Area Estimation for the Behavioral Risk Factor Surveillance System,Pierannunzi C; Xu F; Wallace RC; Garvin W; Greenlund KJ; Bartoli W; Ford D; Eke P; Town GM,Preventing Chronic Disease,2016,CC BY 4.0,tables_derived-PMC4951081.1_doc-p7
PMC5059478,10.1038/ncomms12923,Genome-wide compendium and functional assessment of in vivo heart enhancers,Dickel DE; Barozzi I; Zhu Y; Fukuda-Yuzawa Y; Osterwalder M; Mannion BJ; May D; Spurrell CH; Plajzer-Frick I; Pickle CS; Lee E; Garvin TH; Kato M; Akiyama JA; Afzal V; Lee AY; Gorkin DU; Ren B; Rubin EM; Visel A; Pennacchio LA,Nature Communications,2016,CC BY 4.0,tables_derived-PMC5059478.1_doc-p4
PMC5059483,10.2196/jmir.5942,"Design and Testing of BACRA, a Web-Based Tool for Middle Managers at Health Care Facilities to Lead the Search for Solutions to Patient Safety Incidents",Carrillo I; Mira JJ; Vicente MA; Fernandez C; Guilabert M; Ferrús L; Zavala E; Silvestre C; Pérez-Pérez P,Journal of Medical Internet Research,2016,CC BY 2.0,tables_derived-PMC5059483.1_doc-p5
PMC5059680,10.1038/srep35242,Urinary interleukin-6 as a predictor of radiographic progression in rheumatoid arthritis: A 3-year evaluation,Park YJ; Yoo SA; Kim GR; Cho CS; Kim WU,Scientific Reports,2016,CC BY 4.0,tables_derived-PMC5059680.1_doc-p2; tables_derived-PMC5059680.1_doc-p5
PMC5349155,10.15698/mic2014.07.155,Effect of paraquat-induced oxidative stress on gene expression and aging of the filamentous ascomycete Podospora anserina,Wiemer M; Osiewacz HD,Microbial Cell,2014,CC BY 4.0,tables_derived-PMC5349155.1_doc-p5
PMC5360747,10.1186/s10194-017-0742-1,Anxiety and depression symptoms and migraine: a symptom-based approach research,Peres MFP; Mercante JPP; Tobo PR; Kamei H; Bigal ME,The Journal of Headache and Pain,2017,CC BY 4.0,tables_derived-PMC5360747.1_doc-p4
PMC5360810,10.5005/jp-journals-10005-1413,"Knowledge, Attitudes, and Practices of School Teachers toward Oral Health in Davangere, India",Maganur PC; Satish V; Marwah N; Vishwas T; Dayanand M,International Journal of Clinical Pediatric Dentistry,2017,CC BY 3.0,tables_derived-PMC5360810.1_doc-p3
PMC5363023,10.1186/s40478-017-0427-7,"Calcium dysregulation, functional calpainopathy, and endoplasmic reticulum stress in sporadic inclusion body myositis",Amici DR; Pinal-Fernandez I; Mázala DAG; Lloyd TE; Corse AM; Christopher-Stine L; Mammen AL; Chin ER,Acta Neuropathologica Communications,2017,CC BY 4.0,tables_derived-PMC5363023.1_doc-p2
PMC5363031,10.1186/s13104-017-2460-9,Larvicidal activity of phytosteroid compounds from leaf extract of Solanum nigrum against Culex vishnui group and Anopheles subpictus,Rawani A; Ray AS; Ghosh A; Sakar M; Chandra G,BMC Research Notes,2017,CC BY 4.0,tables_derived-PMC5363031.1_doc-p5
PMC5363043,10.1186/s13073-017-0417-1,A novel multi-network approach reveals tissue-specific cellular modulators of fibrosis in systemic sclerosis,Taroni JN; Greene CS; Martyanov V; Wood TA; Christmann RB; Farber HW; Lafyatis RA; Denton CP; Hinchcliff ME; Pioli PA; Mahoney JM; Whitfield ML,Genome Medicine,2017,CC BY 4.0,tables_derived-PMC5363043.1_doc-p13
PMC5363046,10.1186/s12941-017-0188-y,Higher atypical enteropathogenic Escherichia coli (a-EPEC) bacterial loads in children with diarrhea are associated with PCR detection of the EHEC factor for adherence 1/lymphocyte inhibitory factor A (efa1/lifa) gene,Slinger R; Lau K; Slinger M; Moldovan I; Chan F,Annals of Clinical Microbiology and Antimicrobials,2017,CC BY 4.0,tables_derived-PMC5363046.1_doc-p4
PMC5363050,10.1186/s13007-017-0165-7,Growth curve registration for evaluating salinity tolerance in barley,Meng R; Saade S; Kurtek S; Berger B; Brien C; Pillen K; Tester M; Sun Y,Plant Methods,2017,CC BY 4.0,tables_derived-PMC5363050.1_doc-p3
PMC5363051,10.1186/s12875-017-0613-5,A systematic review of primary care models for non-communicable disease interventions in Sub-Saharan Africa,Kane J; Landes M; Carroll C; Nolen A; Sodhi S,BMC Family Practice,2017,CC BY 4.0,tables_derived-PMC5363051.1_doc-p7
PMC5364333,10.15586/jkcvhl.2017.59,Predictive Factors for Second-Line Therapy in Metastatic Renal Cell Carcinoma: A Retrospective Analysis,Eggers H; Ivanyi P; Hornig M; Grünwald V,Journal of Kidney Cancer and VHL,2017,CC BY 4.0,tables_derived-PMC5364333.1_doc-p3
PMC5370379,10.5830/CVJA-2016-029,Cardiovascular risk factors in pre-pubertal schoolchildren in Angola,Silva AB; Rodrigues SL; Baldo MP; Mill JG; Silva AB; Capingana DP; Magalhães P; Gonçalves MA; Mateus MS; Molina MdCB,Cardiovascular Journal of Africa,2016,CC BY 2.5,tables_derived-PMC5370379.1_doc-p4
PMC5474318,10.1038/mp.2017.30,Next-gen sequencing identifies non-coding variation disrupting miRNA-binding sites in neurological disorders,Devanna P; Chen XS; Ho J; Gajewski D; Smith SD; Gialluisi A; Francks C; Fisher SE; Newbury DF; Vernes SC,Molecular Psychiatry,2018,CC BY 3.0,rotation_skew-images_rs3623e0e0_skew2-p1; rotation_skew-rs3623e0e0_rot180-p1; tables_derived-PMC5474318.2_doc-p7
PMC5474320,10.1038/ejcn.2017.9,Docosahexaenoic acid enrichment in NAFLD is associated with improvements in hepatic metabolism and hepatic insulin sensitivity: a pilot study,Hodson L; Bhatia L; Scorletti E; Smith DE; Jackson NC; Shojaee-Moradie F; Umpleby M; Calder PC; Byrne CD,European Journal of Clinical Nutrition,2017,CC BY 4.0,rotation_skew-images_rs506adb99_skew2-p1; rotation_skew-images_rsce0e4e3a_skew2-p1; rotation_skew-rsce0e4e3a_rot270-p1; tables_derived-PMC5474320.1_doc-p13; tables_derived-PMC5474320.1_doc-p15
PMC5474459,10.3389/fpsyt.2017.00104,Antigliadin Antibodies (AGA IgG) Are Related to Neurochemistry in Schizophrenia,Rowland LM; Demyanovich HK; Wijtenburg SA; Eaton WW; Rodriguez K; Gaston F; Cihakova D; Talor MV; Liu F; McMahon RR; Hong LE; Kelly DL,Frontiers in Psychiatry,2017,CC BY 4.0,rotation_skew-images_rs69f38edf_skew2-p1; rotation_skew-rs69f38edf_rot90-p1; tables_derived-PMC5474459.1_doc-p4
PMC5474470,10.3389/fimmu.2017.00717,Combining Flow and Mass Cytometry in the Search for Biomarkers in Chronic Graft-versus-Host Disease,Stikvoort A; Chen Y; Rådestad E; Törlén J; Lakshmikanth T; Björklund A; Mikes J; Achour A; Gertow J; Sundberg B; Remberger M; Sundin M; Mattsson J; Brodin P; Uhlin M,Frontiers in Immunology,2017,CC BY 4.0,rotation_skew-images_rs916cd539_skew2-p1; rotation_skew-rs916cd539_rot180-p1
PMC5474480,10.3389/fphar.2017.00378,Veronica officinalis Product Authentication Using DNA Metabarcoding and HPLC-MS Reveals Widespread Adulteration with Veronica chamaedrys,Raclariu AC; Mocan A; Popa MO; Vlase L; Ichim MC; Crisan G; Brysting AK; de Boer H,Frontiers in Pharmacology,2017,CC BY 4.0,tables_derived-PMC5474480.1_doc-p8
PMC5474485,10.3389/fpls.2017.01051,Photoprotective Strategies of Mediterranean Plants in Relation to Morphological Traits and Natural Environmental Pressure: A Meta-Analytical Approach,Fernández-Marín B; Hernández A; Garcia-Plazaola JI; Esteban R; Míguez F; Artetxe U; Gómez-Sagasti MT,Frontiers in Plant Science,2017,CC BY 4.0,tables_derived-PMC5474485.1_doc-p5
PMC5474537,10.1155/2017/1769298,miR-142-3p Contributes to Early Cardiac Fate Decision of Embryonic Stem Cells,Chen ZY; Chen F; Cao N; Zhou ZW; Yang HT,Stem Cells International,2017,CC BY 4.0,rotation_skew-rs3b4fb704_rot270-p1
PMC5474540,10.1155/2017/1976273,Experimental Germ Tube Induction in Candida albicans: An Evaluation of the Effect of Sodium Bicarbonate on Morphogenesis and Comparison with Pooled Human Serum,Matare T; Nziramasanga P; Gwanzura L; Robertson V,BioMed Research International,2017,CC BY 4.0,rotation_skew-images_rs54f62b0a_skew2-p1; rotation_skew-rs54f62b0a_rot180-p1; tables_derived-PMC5474540.1_doc-p3
PMC5474541,10.1155/2017/3751403,A Brief View of the Surface Membrane Proteins from Trypanosoma cruzi,Pech-Canul ÁdlC; Monteón V; Solís-Oviedo RL,Journal of Parasitology Research,2017,CC BY 4.0,tables_derived-PMC5474541.1_doc-p3
PMC5474542,10.1155/2017/6797826,Incidental and Underreported Pleural Plaques at Chest CT: Do Not Miss Them—Asbestos Exposure Still Exists,Mazzei MA; Contorni F; Gentili F; Guerrini S; Mazzei FG; Pinto A; Cioffi Squitieri N; Sisinni AG; Paolucci V; Romeo R; Sartorelli P; Volterrani L,BioMed Research International,2017,CC BY 4.0,tables_derived-PMC5474542.1_doc-p3
PMC5474545,10.1155/2017/8573725,Effects of an Intensive Lifestyle Intervention to Treat Overweight/Obese Children and Adolescents,Ranucci C; Pippi R; Buratta L; Aiello C; Gianfredi V; Piana N; Reginato E; Tirimagni A; Chiodini E; Sbroma Tomaro E; Gili A; De Feo P; Fanelli C; Mazzeschi C,BioMed Research International,2017,CC BY 4.0,rotation_skew-images_rs39b36c96_skew2-p1; rotation_skew-rs39b36c96_rot180-p1
PMC5547447,10.1186/s12920-017-0277-y,BLOOM: BLoom filter based oblivious outsourced matchings,Ziegeldorf JH; Pennekamp J; Hellmanns D; Schwinger F; Kunze I; Henze M; Hiller J; Matzutt R; Wehrle K,BMC Medical Genomics,2017,CC BY 4.0,tables_derived-PMC5547447.1_doc-p8
PMC5547451,10.1186/s12969-017-0190-0,Immunogenicity and safety of influenza vaccination in patients with juvenile idiopathic arthritis on biological therapy using the microneutralization assay,Camacho-Lovillo MS; Bulnes-Ramos A; Goycochea-Valdivia W; Fernández-Silveira L; Núñez-Cuadros E; Neth O; Pérez-Romero P,Pediatric Rheumatology Online Journal,2017,CC BY 4.0,tables_derived-PMC5547451.1_doc-p6
PMC5624424,10.5195/jmla.2017.131,"Awareness, adoption, and application of the Association of College & Research Libraries (ACRL) Framework for Information Literacy in health sciences libraries*",Schulte SJ; Knapp M,Journal of the Medical Library Association : JMLA,2017,CC BY 4.0,tables_derived-PMC5624424.1_doc-p6
PMC5666854,10.3390/ijms18102173,Nrf2-Inducers Counteract Neurodegeneration in Frataxin-Silenced Motor Neurons: Disclosing New Therapeutic Targets for Friedreich’s Ataxia,Petrillo S; Piermarini E; Pastore A; Vasco G; Schirinzi T; Carrozzo R; Bertini E; Piemonte F,International Journal of Molecular Sciences,2017,CC BY 4.0,tables_derived-PMC5666854.1_doc-p9
PMC5667018,10.3390/ma10101212,Assembly of 1D Granular Structures from Sulfonated Polystyrene Microparticles,Mikkelsen A; Kertmen A; Khobaib K; Rajňák M; Kurimský J; Rozynek Z,Materials,2017,CC BY 4.0,tables_derived-PMC5667018.1_doc-p5
PMC5697335,10.1186/s40249-017-0364-5,"Family support, discrimination, and quality of life among ART-treated HIV-infected patients: a two-year study in China",Xu JF; Ming ZQ; Zhang YQ; Wang PC; Jing J; Cheng F,Infectious Diseases of Poverty,2017,CC BY 4.0,tables_derived-PMC5697335.1_doc-p6
PMC5697338,10.1186/s13012-017-0673-x,A content analysis of dissemination and implementation science resource initiatives: what types of resources do they offer to advance the field?,Darnell D; Dorsey CN; Melvin A; Chi J; Lyon AR; Lewis CC,Implementation Science : IS,2017,CC BY 4.0,tables_derived-PMC5697338.1_doc-p11
PMC5697375,10.1155/2017/2956749,Laparoscopy-Assisted versus Open Hepatectomy for Live Liver Donor: Systematic Review and Meta-Analysis,Zhang B; Pan Y; Chen K; Maher H; Chen MY; Zhu HP; Zhu YB; Dai Y; Chen J; Cai Xj,Canadian Journal of Gastroenterology & Hepatology,2017,CC BY 4.0,tables_derived-PMC5697375.1_doc-p6
PMC5697379,10.1155/2017/1235706,"The Prevalence of and Factors Associated with Neck, Shoulder, and Low-Back Pains among Medical Students at University Hospitals in Central Saudi Arabia",Algarni AD; Al-Saran Y; Al-Moawi A; Bin Dous A; Al-Ahaideb A; Kachanathu SJ,Pain Research and Treatment,2017,CC BY 4.0,tables_derived-PMC5697379.1_doc-p3
PMC5826143,10.1128/AAC.02163-17,"Pharmacokinetics, Safety, and Tolerability of Cefiderocol, a Novel Siderophore Cephalosporin for Gram-Negative Bacteria, in Healthy Subjects",Saisho Y; Katsube T; White S; Fukase H; Shimada J,Antimicrobial Agents and Chemotherapy,2018,CC BY 4.0,tables_derived-PMC5826143.1_doc-p2
PMC5829842,10.1136/bmjopen-2017-019177,Opportunities and barriers in paediatric pulse oximetry for pneumonia in low-resource clinical settings: a qualitative evaluation from Malawi and Bangladesh,King C; Boyd N; Walker I; Zadutsa B; Baqui AH; Ahmed S; Islam M; Kainja E; Nambiar B; Wilson I; McCollum ED,BMJ Open,2018,CC BY 4.0,tables_derived-PMC5829842.1_doc-p4
PMC5870944,10.1186/s12944-018-0704-x,"Powdered black cumin seeds strongly improves serum lipids, atherogenic index of plasma and modulates anthropometric features in patients with Hashimoto’s thyroiditis",Farhangi MA; Dehghan P; Tajmiri S,Lipids in Health and Disease,2018,CC BY 4.0,tables_derived-PMC5870944.1_doc-p5
PMC6057448,10.18632/oncotarget.25722,Aquaporin 1 suppresses apoptosis and affects prognosis in esophageal squamous cell carcinoma,Yamazato Y; Shiozaki A; Ichikawa D; Kosuga T; Shoda K; Arita T; Konishi H; Komatsu S; Kubota T; Fujiwara H; Okamoto K; Kishimoto M; Konishi E; Marunaka Y; Otsuji E,Oncotarget,2018,CC BY 3.0,tables_derived-PMC6057448.1_doc-p5
PMC6057498,10.1093/infdis/jiy219,The First Norovirus Longitudinal Seroepidemiological Study From Sub-Saharan Africa Reveals High Seroprevalence of Diverse Genotypes Associated With Host Susceptibility Factors,Thorne L; Nalwoga A; Mentzer AJ; de Rougemont A; Hosmillo M; Webb E; Nampiija M; Muhwezi A; Carstensen T; Gurdasani D; Hill AV; Sandhu MS; Elliott A; Goodfellow I,The Journal of Infectious Diseases,2018,CC BY 4.0,tables_derived-PMC6057498.1_doc-p5
PMC6088776,10.1017/S0033291716003585,Altered fear processing in adolescents with a history of severe childhood maltreatment: an fMRI study,Hart H; Lim L; Mehta MA; Simmons A; Mirza KAH; Rubia K,Psychological Medicine,2018,CC BY 4.0,tables_derived-PMC6088776.1_doc-p6
PMC6090299,10.3389/fcell.2018.00086,Quantitative Analysis of Interaction Between CADM1 and Its Binding Cell-Surface Proteins Using Surface Plasmon Resonance Imaging,Ito T; Kasai Y; Kumagai Y; Suzuki D; Ochiai-Noguchi M; Irikura D; Miyake S; Murakami Y,Frontiers in Cell and Developmental Biology,2018,CC BY 4.0,tables_derived-PMC6090299.1_doc-p6
PMC6090577,10.1186/s12961-018-0354-5,Towards an explanatory framework for national level maternal health policy agenda item evolution in Ghana: an embedded case study,Koduah A; Agyepong IA; van Dijk H,Health Research Policy and Systems,2018,CC BY 4.0,tables_derived-PMC6090577.1_doc-p11; tables_derived-PMC6090577.1_doc-p3; tables_derived-PMC6090577.1_doc-p4; tables_derived-PMC6090577.1_doc-p5
PMC6090638,10.1186/s12889-018-5926-3,How adverse childhood experiences relate to single and multiple health risk behaviours in German public university students: a cross-sectional analysis,Wiehn J; Hornberg C; Fischer F,BMC Public Health,2018,CC BY 4.0,tables_derived-PMC6090638.1_doc-p9
PMC6090681,10.1186/s12955-018-0986-8,Valuing health-related quality of life: systematic variation in health perception,Huber M; Vogelmann M; Leidl R,Health and Quality of Life Outcomes,2018,CC BY 4.0,tables_derived-PMC6090681.1_doc-p3
PMC6090717,10.1186/s12199-018-0721-4,Ultrasound cardiography examinations detect victims’ long-term realized and potential consequences after major disasters: a case-control study,Onishi H; Yamamura O; Ueda S; Shibata M; Enomoto S; Maeda F; Tsubouchi H; Hirobe T; Shimizu S; Hanzawa K; Hamano T; Nakamoto Y; Hayashi H; Terasawa H,Environmental Health and Preventive Medicine,2018,CC BY 4.0,tables_derived-PMC6090717.1_doc-p5; tables_derived-PMC6090717.1_doc-p7
PMC6203416,10.9745/GHSP-D-18-00270,What Does It Take to Be an Effective National Steward of Digital Health Integration for Health Systems Strengthening in Low- and Middle-Income Countries?,Frost MJ; Tran JB; Khatun F; Friberg IK; Rodríguez DC,Global Health: Science and Practice,2018,CC BY 4.0,tables_derived-PMC6203416.1_doc-p4
PMC6203435,10.7554/eLife.35957,Functional trade-offs and environmental variation shaped ancient trajectories in the evolution of dim-light vision,Castiglione GM; Chang BS,eLife,2018,CC BY 4.0,tables_derived-PMC6203435.1_doc-p5
PMC6225226,10.3390/molecules23092193,Targeting Breast Cancer Stem Cells to Overcome Treatment Resistance,Palomeras S; Ruiz-Martínez S; Puig T,Molecules : A Journal of Synthetic Chemistry and Natural Product Chemistry,2018,CC BY 4.0,tables_derived-PMC6225226.1_doc-p9
PMC6304914,10.1155/2018/4639805,IgG Antibodies to GlcNAcβ and Asialo-GM2 (GA2) Glycans as Potential Markers of Liver Damage in Chronic Hepatitis C and the Efficacy of Antiviral Treatment,Smorodin E; Sergeyev B; Kurtenkov O; Kuznetsova T; Geller J,Disease Markers,2018,CC BY 4.0,tables_derived-PMC6304914.1_doc-p3
PMC6319173,10.1093/cercor/bhy297,Early Loss of Vision Results in Extensive Reorganization of Plasticity-Related Receptors and Alterations in Hippocampal Function That Extend Through Adulthood,Feldmann M; Beckmann D; Eysel UT; Manahan-Vaughan D,"Cerebral Cortex (New York, NY)",2019,CC BY 4.0,tables_derived-PMC6319173.1_doc-p6
PMC6319180,10.1080/09658211.2018.1497661,The effect of processing load on loss of information from short-term memory,Norris D; Hall J; Butterfield S; Page MP,"Memory (Hove, England)",2019,CC BY 4.0,tables_derived-PMC6319180.1_doc-p4
PMC6319183,10.1080/03009742.2018.1459831,Metabolic risk factors and the incidence and progression of radiographic hand osteoarthritis: a population-based cohort study,Marshall M; Peat G; Nicholls E; Myers H; Mamas M; van der Windt D,Scandinavian Journal of Rheumatology,2019,CC BY 4.0,tables_derived-PMC6319183.1_doc-p6
PMC6369683,10.1111/hir.12235,Mothers’ perception of maternal and child health information disseminated via different modes of ICT in Nigeria,Obasola OI; Mabawonku IM,Health Information and Libraries Journal,2018,CC BY 4.0,tables_derived-PMC6369683.1_doc-p6
PMC6369684,10.1111/jce.13723,A novel approach to mapping the atrial ganglionated plexus network by generating a distribution probability atlas,Kim M; Sikkel MB; Hunter RJ; Haywood GA; Tomlinson DR; Tayebjee MH; Ali RL; Cantwell CD; Gonna H; Sandler BC; Lim E; Furniss G; Panagopoulos D; Begg G; Dhillon G; Hill NJ; O’Neill J; Francis DP; Lim PB; Peters NS; Linton NWF; Kanagaratnam P,Journal of Cardiovascular Electrophysiology,2018,CC BY 4.0,tables_derived-PMC6369684.1_doc-p9
PMC6441281,10.1089/tmj.2018.0039,Factors Influencing Rural End-Users' Acceptance of e-Health in Developing Countries: A Study on Portable Health Clinic in Bangladesh,Hossain N; Yokota F; Sultana N; Ahmed A,Telemedicine Journal and e-Health,2019,CC BY 4.0,tables_derived-PMC6441281.1_doc-p7
PMC6441282,10.1089/mdr.2018.0221,Antimicrobial Resistance and Biofilm Formation in Enterococcus spp. Isolated from Humans and Turkeys in Poland,Woźniak-Biel A; Bugla-Płoskońska G; Burdzy J; Korzekwa K; Ploch S; Wieliczko A,Microbial Drug Resistance,2019,CC BY 4.0,tables_derived-PMC6441282.1_doc-p4
PMC6441285,10.1089/end.2018.0499,1470 nm Diode Laser Enucleation vs Plasmakinetic Resection of the Prostate for Benign Prostatic Hyperplasia: A Randomized Study,Zhang J; Wang X; Zhang Y; Shi C; Tu M; Shi G,Journal of Endourology,2019,CC BY 4.0,tables_derived-PMC6441285.1_doc-p5
PMC6441287,10.1089/scd.2018.0061,Equine Allogeneic Chondrogenic Induced Mesenchymal Stem Cells Are an Effective Treatment for Degenerative Joint Disease in Horses,Broeckx SY; Seys B; Suls M; Vandenberghe A; Mariën T; Adriaensen E; Declercq J; Van Hecke L; Braun G; Hellmann K; Spaas JH,Stem Cells and Development,2019,CC BY 4.0,tables_derived-PMC6441287.1_doc-p8
PMC6441301,10.1093/ecco-jcc/jjy185,"Cannabis, Cannabinoids, and the Endocannabinoid System—Is there Therapeutic Potential for Inflammatory Bowel Disease?",Ambrose T; Simmons A,Journal of Crohn's & Colitis,2019,CC BY 4.0,tables_derived-PMC6441301.1_doc-p3
PMC6468465,10.3390/bios9010038,Electrochemical Biosensors as Potential Diagnostic Devices for Autoimmune Diseases,Florea A; Melinte G; Simon I; Cristea C,Biosensors,2019,CC BY 4.0,tables_derived-PMC6468465.1_doc-p7
PMC6474780,10.1002/rcr2.429,An unusual endobronchial lesion: expanding the differential diagnosis,Leonard R; Schultz C; Hadique S,Respirology Case Reports,2019,CC BY 4.0,tables_derived-PMC6474780.1_doc-p3
PMC6624906,10.1186/s13148-019-0700-7,Peptides as epigenetic modulators: therapeutic implications,Janssens Y; Wynendaele E; Vanden Berghe W; De Spiegeleer B,Clinical Epigenetics,2019,CC BY 4.0,tables_derived-PMC6624906.1_doc-p3
PMC6624941,10.1186/s12940-019-0503-5,"Urinary trace metals, maternal circulating angiogenic biomarkers, and preeclampsia: a single-contaminant and mixture-based approach",Bommarito PA; Kim SS; Meeker JD; Fry RC; Cantonwine DE; McElrath TF; Ferguson KK,Environmental Health,2019,CC BY 4.0,tables_derived-PMC6624941.1_doc-p5
PMC6624942,10.1186/s12974-019-1531-3,Plasma YKL-40 in the spectrum of neurodegenerative dementia,Villar-Piqué A; Schmitz M; Hermann P; Goebel S; Bunck T; Varges D; Ferrer I; Riggert J; Llorens F; Zerr I,Journal of Neuroinflammation,2019,CC BY 4.0,tables_derived-PMC6624942.1_doc-p2
PMC6624948,10.1186/s12984-019-0560-6,Complexity based measures of postural stability provide novel evidence of functional decline in fragile X premutation carriers,O’Keeffe C; Taboada LP; Feerick N; Gallagher L; Lynch T; Reilly RB,Journal of NeuroEngineering and Rehabilitation,2019,CC BY 4.0,tables_derived-PMC6624948.1_doc-p5
PMC6624951,10.1186/s12936-019-2876-x,Targeting remaining pockets of malaria transmission in Kenya to hasten progress towards national elimination goals: an assessment of prevalence and risk factors in children from the Lake endemic region,Bashir IM; Nyakoe N; van der Sande M,Malaria Journal,2019,CC BY 4.0,tables_derived-PMC6624951.1_doc-p8
PMC6635801,10.1017/S1463423619000537,Role of laboratory services in primary health center (PHC) outpatient department performance: an Indian case study,Jain R; Rao B,Primary Health Care Research & Development,2019,CC BY 4.0,tables_derived-PMC6635801.1_doc-p5
PMC6635805,10.1017/S095026881900133X,Syndemic effects of HIV risk behaviours: results from the NHANES study,Smith L; Cao C; Zong X; McDermott DT; Stefanac S; Haider S; Jackson SE; Veronese N; López-Sánchez GF; Koyanagi A; Yang L; Grabovac I,Epidemiology and Infection,2019,CC BY 4.0,tables_derived-PMC6635805.1_doc-p4
PMC6743096,10.1186/s40880-019-0394-4,"Retrieved lymph nodes from different anatomic groups in gastric cancer: a proposed optimal number, comparison with other nodal classification strategies and its impact on prognosis",Pan S; Wang P; Xing Y; Li K; Wang Z; Xu H; Zhu Z,Cancer Communications,2019,CC BY 4.0,tables_derived-PMC6743096.1_doc-p4
PMC6743118,10.1186/s13756-019-0603-6,Antibiotic prescribing in general medical and surgical specialties: a prospective cohort study,Charani E; de Barra E; Rawson TM; Gill D; Gilchrist M; Naylor NR; Holmes AH,Antimicrobial Resistance and Infection Control,2019,CC BY 4.0,tables_derived-PMC6743118.1_doc-p7
PMC6743127,10.1186/s40248-019-0192-5,Patients’ usability of seven most used dry-powder inhalers in COPD,Dal Negro RW; Turco P; Povero M,Multidisciplinary Respiratory Medicine,2019,CC BY 4.0,tables_derived-PMC6743127.1_doc-p4
PMC6909388,10.21307/jofnem-2019-073,Impact of Globodera ellingtonae on yield of potato (Solanum tuberosum),Zasada IA; Ingham RE; Baker H; Phillips WS,Journal of Nematology,2019,CC BY 4.0,tables_derived-PMC6909388.1_doc-p7
PMC6909435,10.1093/geronb/gbx170,Gender Differences in the Association Between Leisure Activity in Adulthood and Cognitive Function in Old Age: A Prospective Longitudinal Population-Based Study,Hassing LB,The Journals of Gerontology Series B: Psychological Sciences and Social Sciences,2020,CC BY 4.0,tables_derived-PMC6909435.1_doc-p8
PMC6909455,10.1186/s12968-019-0581-0,Long term CMR follow up of patients with right ventricular abnormality and clinically suspected arrhythmogenic right ventricular cardiomyopathy (ARVC),Femia G; Semsarian C; McGuire M; Sy RW; Puranik R,Journal of Cardiovascular Magnetic Resonance,2019,CC BY 4.0,tables_derived-PMC6909455.1_doc-p5
PMC6909460,10.1186/s13014-019-1428-4,Prognostic impact of pathological complete remission after preoperative irradiation in patients with locally advanced head and neck squamous cell carcinoma: re-analysis of a phase 3 clinical study,Wang K; Yi J; Huang X; Qu Y; Luo J; Xiao J; Zhang S; Tang Y; Liu W; Xu G; Gao L; Xu Z; Liu S; Wang X,"Radiation Oncology (London, England)",2019,CC BY 4.0,tables_derived-PMC6909460.1_doc-p3
PMC6935684,10.1002/prp2.556,The five dimensions of receptor pharmacology exemplified by melatonin receptors: An opinion,Boutin JA; Legros C,Pharmacology Research & Perspectives,2019,CC BY 4.0,tables_derived-PMC6935684.1_doc-p3
PMC6992010,10.1371/journal.pone.0228003,The impact of short term Antiretroviral Therapy (ART) interruptions on longer term maternal health outcomes—A randomized clinical trial,Atuhaire P; S. Brummel S; Mmbaga BT; Angelidou K; Fairlie L; Violari A; Theron G; Mukuzunga C; Mawlana S; Mubiana-Mbewe M; Naidoo M; Makanani B; Mandima P; Nematadzira T; Suryavanshi N; Mbengeranwa T; Loftis A; Basar M; McCarthy K; Currier JS; Fowler MG; for the 1077BF/1077FF PROMISE Team,PLoS ONE,2020,CC0 1.0,tables_derived-PMC6992010.1_doc-p8
PMC6994099,10.1371/journal.pone.0228166,Evaluation of mitochondrial DNA copy number estimation techniques,Longchamps RJ; Castellani CA; Yang SY; Newcomb CE; Sumpter JA; Lane J; Grove ML; Guallar E; Pankratz N; Taylor KD; Rotter JI; Boerwinkle E; Arking DE,PLoS ONE,2020,CC BY 4.0,tables_derived-PMC6994099.1_doc-p7
PMC6994174,10.1371/journal.pntd.0007940,"Phylogenetic relationships and diversity of bat-associated Leptospira and the histopathological evaluation of these infections in bats from Grenada, West Indies",Bevans AI; Fitzpatrick DM; Stone DM; Butler BP; Smith MP; Cheetham S,PLoS Neglected Tropical Diseases,2020,CC BY 4.0,rotation_skew-images_rs9ae815c5_skew2-p1; rotation_skew-rs9ae815c5_rot270-p1
PMC6995638,10.3390/biom9120829,"Fluctuations of Histone Chemical Modifications in Breast, Prostate, and Colorectal Cancer: An Implication of Phytochemicals as Defenders of Chromatin Equilibrium",Samec M; Liskova A; Koklesova L; Mestanova V; Franekova M; Kassayova M; Bojkova B; Uramova S; Zubor P; Janikova K; Danko J; Samuel SM; Büsselberg D; Kubatka P,Biomolecules,2019,CC BY 4.0,tables_derived-PMC6995638.1_doc-p8
PMC6995654,10.1186/s40168-020-0787-2,Linking belowground microbial network changes to different tolerance level towards Verticillium wilt of olive,Fernández-González AJ; Cardoni M; Gómez-Lama Cabanás C; Valverde-Corredor A; Villadas PJ; Fernández-López M; Mercado-Blanco J,Microbiome,2020,CC BY 4.0,tables_derived-PMC6995654.1_doc-p5
PMC7026447,10.1038/s41398-020-0700-6,Neurometabolic correlates of 6 and 16 weeks of treatment with risperidone in medication-naive first-episode psychosis patients,Birur B; Kraguljac NV; VerHoef L; Morgan CJ; Jindal RD; Reid MA; Luker A; Lahti AC,Translational Psychiatry,2020,CC BY 4.0,tables_derived-PMC7026447.1_doc-p5
PMC7242177,10.1007/s10900-020-00845-5,Impact of COVID-19 Outbreak on Healthcare Workers in Italy: Results from a National E-Survey,Felice C; Di Tanna GL; Zanus G; Grossi U,Journal of Community Health,2020,CC BY 4.0,tables_derived-PMC7242177.1_doc-p8
PMC7457605,10.1101/2020.08.26.267831,SARS-CoV-2 genomic and quasispecies analyses in cancer patients reveal relaxed intrahost virus evolution,Siqueira JD; Goes LR; Alves BM; de Carvalho PS; Cicala C; Arthos J; Viola JP; de Melo AC; Soares MA,bioRxiv,2020,CC0 1.0,tables_derived-PMC7457605.1_doc-p6
PMC7509913,10.1186/s43019-020-00069-w,Mid-term lifetime survivals of octogenarians following primary and revision total knee arthroplasties were satisfactory: a retrospective single center study in contemporary period,Song SJ; Kim KI; Bae DK; Park CH,Knee Surgery & Related Research,2020,CC BY 4.0,tables_derived-PMC7509913.1_doc-p5
PMC7509922,10.1186/s13047-020-00426-8,Associations of foot and ankle characteristics with knee symptoms and function in individuals with patellofemoral osteoarthritis,Tan JM; Crossley KM; Munteanu SE; Collins NJ; Hart HF; Donnar JW; Cleary G; O’Sullivan IC; Maclachlan LR; Derham CL; Menz HB,Journal of Foot and Ankle Research,2020,CC BY 4.0,tables_derived-PMC7509922.1_doc-p7
PMC7520357,10.1002/cam4.3317,Catastrophic health expenditures of households living with pediatric leukemia in China,Sui M; Zeng X; Tan WJ; Tao S; Liu R; Liu B; Ma W; Huang W; Yu H,Cancer Medicine,2020,CC BY 4.0,tables_derived-PMC7520357.1_doc-p7
PMC7563412,10.3390/medsci8030035,Spectrum of MEFV Variants and Genotypes among Clinically Diagnosed FMF Patients from Southern Lebanon,El Roz A; Ghssein G; Khalaf B; Fardoun T; Ibrahim JN,Medical Sciences,2020,CC BY 4.0,tables_derived-PMC7563412.1_doc-p4
PMC7564550,10.3390/genes11091025,Comparative Genomic Analysis of 450 Strains of Salmonella enterica Isolated from Diseased Animals,Zhao S; Li C; Hsu CH; Tyson GH; Strain E; Tate H; Tran TT; Abbott J; McDermott PF,Genes,2020,CC BY 4.0,tables_derived-PMC7564550.1_doc-p10
PMC7646516,10.3389/fgene.2020.593804,Genomic Analysis of IgG Antibody Response to Common Pathogens in Commercial Sows in Health-Challenged Herds,Sanglard LP; PigGen Canada; Mote BE; Willson P; Harding JCS; Plastow GS; Dekkers JCM; Serão NVL,Frontiers in Genetics,2020,CC BY 4.0,tables_derived-PMC7646516.1_doc-p7
PMC7655501,10.1177/0020764020972445,Stigmatisation associated with COVID-19 in the general Colombian population,Cassiani-Miranda CA; Campo-Arias A; Tirado-Otálvaro AF; Botero-Tobón LA; Upegui-Arango LD; Rodríguez-Verdugo MS; Botero-Tobón ME; Arismendy-López YA; Robles-Fonnegra WA; Niño L; Scoppetta O,The International Journal of Social Psychiatry,2021,CC BY 4.0,tables_derived-PMC7655501.1_doc-p3
PMC7655504,10.1038/s41391-020-0236-0,Concurrent or layered treatment with radium-223 and enzalutamide or abiraterone/prednisone: real-world clinical outcomes in patients with metastatic castration-resistant prostate cancer,Shore N; Higano CS; George DJ; Sternberg CN; Saad F; Tombal B; Miller K; Kalinovsky J; Jiao X; Tangirala K; Sartor O,Prostate Cancer and Prostatic Diseases,2020,CC BY 4.0,tables_derived-PMC7655504.1_doc-p4
PMC7748956,10.2196/23904,A Novel Educational Prescription Web-Based Application to Support Education for Caregivers of People Living With Dementia: Development and Usability Study With Clinicians,Levinson AJ; Bousfield J; Douglas W; Ayers S; Sztramko R,JMIR Human Factors,2020,CC BY 4.0,tables_derived-PMC7748956.1_doc-p5
PMC7793726,10.3389/fneur.2020.604688,"Impact of Cryotherapy on Sensory, Motor, and Autonomic Neuropathy in Breast Cancer Patients Receiving Paclitaxel: A Randomized, Controlled Trial",Ng DQ; Tan CJ; Soh BC; Tan MML; Loh SY; Tan YE; Ong HH; Teng PPC; Chan JJ; Chay WY; Lee J; Lai G; Beh SY; Tan TJY; Yap YS; Lee GE; Wong M; Dent R; Lo YL; Chan A; Loh KWJ,Frontiers in Neurology,2020,CC BY 4.0,tables_derived-PMC7793726.1_doc-p7
PMC7824895,10.3390/pathogens10010037,Bloodstream Infections Caused by Extended-Spectrum Beta-Lactamase-Producing Escherichia coli in Patients with Liver Cirrhosis,Chen WC; Hung CH; Chen YS; Cheng JS; Lee SSJ; Tseng FC; Cheng MF; Wang JL,Pathogens,2021,CC BY 4.0,tables_derived-PMC7824895.1_doc-p10; tables_derived-PMC7824895.1_doc-p2; tables_derived-PMC7824895.1_doc-p6
PMC7824934,10.1186/s12877-021-02012-4,Effects of hearing impairment and hearing aid use on the incidence of cognitive impairment among community-dwelling older adults: evidence from the Taiwan Longitudinal Study on Aging (TLSA),Tai CJ; Tseng TG; Hsiao YH; Kuo TA; Huang CY; Yang YH; Lee MC,BMC Geriatrics,2021,CC BY 4.0,tables_derived-PMC7824934.1_doc-p7
PMC7877072,10.1186/s11658-021-00248-x,Enhancer RNAs: transcriptional regulators and workmates of NamiRNAs in myogenesis,Odame E; Chen Y; Zheng S; Dai D; Kyei B; Zhan S; Cao J; Guo J; Zhong T; Wang L; Li L; Zhang H,Cellular & Molecular Biology Letters,2021,CC BY 4.0,tables_derived-PMC7877072.1_doc-p8
PMC7877078,10.1186/s13046-021-01851-8,High activity and low toxicity of a novel CD71-targeting nanotherapeutic named The-0504 on preclinical models of several human aggressive tumors,Falvo E; Damiani V; Conti G; Boschi F; Messana K; Giacomini P; Milella M; De Laurenzi V; Morea V; Sala G; Fracasso G; Ceci P,Journal of Experimental & Clinical Cancer Research : CR,2021,CC BY 4.0,tables_derived-PMC7877078.1_doc-p9
PMC7877085,10.1186/s12886-021-01844-3,"Knowledge about cataract and associated factors among adults in Yirgalem town, Sidama National Regional State, southern Ethiopia, 2020: a community based cross sectional study design",Fikrie A; Mariam YG; Amaje E; Bekele H,BMC Ophthalmology,2021,CC BY 4.0,tables_derived-PMC7877085.1_doc-p7
PMC7877106,10.1186/s12905-021-01206-7,Prevalence and factors associated with modern contraceptives utilization among female adolescents in Uganda,Sserwanja Q; Musaba MW; Mukunya D,BMC Women's Health,2021,CC BY 4.0,tables_derived-PMC7877106.1_doc-p4
PMC7877108,10.1186/s40545-020-00289-1,Treatment of Clostridium difficile infection in community teaching hospital: a retrospective study,Elbeddini A; Gerochi R,Journal of Pharmaceutical Policy and Practice,2021,CC BY 4.0,tables_derived-PMC7877108.1_doc-p4
PMC7877112,10.1186/s12888-021-03079-4,"Prevalence, risk and protective indicators of common mental disorders among young people living with HIV compared to their uninfected peers from the Kenyan coast: a cross-sectional study",Nyongesa MK; Mwangi P; Kinuthia M; Hassan AS; Koot HM; Cuijpers P; Newton CRJC; Abubakar A,BMC Psychiatry,2021,CC BY 4.0,tables_derived-PMC7877112.1_doc-p10
PMC7952781,10.1111/1759-7714.13797,Clinical influence of switching companion diagnostic tests for EGFR‐TKs from Therascreen to Cobas v2,Uchibori K; Takano N; Manabe R; Tsugitomi R; Ogusu S; Tozuka T; Sakamoto H; Yoshida H; Amino Y; Ariyasu R; Kitazono S; Yanagitani N; Nishio M,Thoracic Cancer,2021,CC BY 4.0,tables_derived-PMC7952781.1_doc-p5
PMC7952822,10.1186/s13287-021-02261-5,Will mesenchymal stem cells be future directions for treating radiation-induced skin injury?,Fang Z; Chen P; Tang S; Chen A; Zhang C; Peng G; Li M; Chen X,Stem Cell Research & Therapy,2021,CC BY 4.0,tables_derived-PMC7952822.2_doc-p4
PMC7965076,10.1093/schbul/sbaa128,Dopamine and Glutamate in Antipsychotic-Responsive Compared With Antipsychotic-Nonresponsive Psychosis: A Multicenter Positron Emission Tomography and Magnetic Resonance Spectroscopy Study (STRATA),Egerton A; Murphy A; Donocik J; Anton A; Barker GJ; Collier T; Deakin B; Drake R; Eliasson E; Emsley R; Gregory CJ; Griffiths K; Kapur S; Kassoumeri L; Knight L; Lambe EJB; Lawrie SM; Lees J; Lewis S; Lythgoe DJ; Matthews J; McGuire P; McNamee L; Semple S; Shaw AD; Singh KD; Stockton-Powdrell C; Talbot PS; Veronese M; Wagner E; Walters JTR; Williams SR; MacCabe JH; Howes OD,Schizophrenia Bulletin,2021,CC BY 4.0,tables_derived-PMC7965076.1_doc-p7
PMC8004291,10.3390/s21062213,Detecting Bacterial Biofilms Using Fluorescence Hyperspectral Imaging and Various Discriminant Analyses,Lee A; Park S; Yoo J; Kang J; Lim J; Seo Y; Kim B; Kim G,"Sensors (Basel, Switzerland)",2021,CC BY 4.0,tables_derived-PMC8004291.1_doc-p11
PMC8016717,10.1097/PSY.0000000000000925,Complete Tooth Loss and Allostatic Load Changes Later in Life: A 12-Year Follow-Up Analysis of the English Longitudinal Study of Ageing,de Oliveira C; Sabbah W; Schneider IJC; Bernabé E,Psychosomatic Medicine,2021,CC BY 4.0,tables_derived-PMC8016717.2_doc-p7
PMC8140777,10.5435/JAAOSGlobal-D-21-00080,"A Work in Progress: National Opioid Prescription Reductions Across Orthopaedic Subspecialties in a Contemporary Medicare Sample of 5,026,911 Claims",Acuña AJ; Jella TK; Samuel LT; Cwalina TB; Kim TS; Kamath AF,JAAOS Global Research & Reviews,2021,CC BY 4.0,tables_derived-PMC8140777.1_doc-p3
PMC8149294,10.1016/j.pacs.2021.100246,Photoacoustic thermal characterization of low thermal diffusivity thin films,Herrmann K; Pech-May N; Retsch M,Photoacoustics,2021,CC BY 4.0,tables_derived-PMC8149294.1_doc-p6
PMC8149334,10.1007/s00280-021-04249-7,Niraparib with androgen receptor-axis-targeted therapy in patients with metastatic castration-resistant prostate cancer: safety and pharmacokinetic results from a phase 1b study (BEDIVERE),Saad F; Chi KN; Shore ND; Graff JN; Posadas EM; Lattouf JB; Espina BM; Zhu E; Yu A; Hazra A; De Meulder M; Mamidi RNVS; Bradic B; Francis P; Hayreh V; Rezazadeh Kalebasty A,Cancer Chemotherapy and Pharmacology,2021,CC BY 4.0,tables_derived-PMC8149334.1_doc-p10
PMC8149350,10.1007/s10198-019-01157-9,A general framework for classifying costing methods for economic evaluation of health care,Špacírová Z; Epstein D; García-Mochón L; Rovira J; Olry de Labry Lima A; Espín J,The European Journal of Health Economics,2020,CC BY 4.0,tables_derived-PMC8149350.1_doc-p3
PMC8149351,10.1007/s00484-021-02076-2,Impact of biometeorological conditions and air pollution on influenza-like illnesses incidence in Warsaw,Lindner-Cendrowska K; Bröde P,International Journal of Biometeorology,2021,CC BY 4.0,tables_derived-PMC8149351.1_doc-p6
PMC8149360,10.1007/s10741-020-10063-9,Oxidative stress and inflammation: determinants of anthracycline cardiotoxicity and possible therapeutic targets,Fabiani I; Aimo A; Grigoratos C; Castiglione V; Gentile F; Saccaro LF; Arzilli C; Cardinale D; Passino C; Emdin M,Heart Failure Reviews,2020,CC BY 4.0,tables_derived-PMC8149360.1_doc-p4
PMC8284249,10.2217/fon-2021-0121,Cancer and COVID-19: analysis of patient outcomes,Aboueshia M; Hussein MH; Attia AS; Swinford A; Miller P; Omar M; Toraih EA; Saba N; Safah H; Duchesne J; Kandil E,Future Oncology,2021,CC BY 4.0,tables_derived-PMC8284249.1_doc-p7
PMC8316060,10.1128/IAI.00012-21,Host Genome-Wide Association Study of Infant Susceptibility to Shigella-Associated Diarrhea,Duchen D; Haque R; Chen L; Wojcik G; Korpe P; Nayak U; Mentzer AJ; Kirkpatrick B; Petri WA; Duggal P,Infection and Immunity,2021,CC BY 4.0,tables_derived-PMC8316060.1_doc-p3
PMC8316155,10.1007/s00266-021-02306-3,The Aetiopathogenesis of Late Inflammatory Reactions (LIRs) After Soft Tissue Filler Use: A Systematic Review of the Literature,Bachour Y; Kadouch JA; Niessen FB,Aesthetic Plastic Surgery,2021,CC BY 4.0,tables_derived-PMC8316155.1_doc-p8
PMC8420842,10.6061/clinics/2021/e3200,The role of serum levels of vitamin D in children's muscle strength: A systematic review,da Silva AB; do Carmo TS; Souza AP; Silva MR; Fernandes MS; Souza VO; Barros WM,Clinics,2021,CC BY 4.0,tables_derived-PMC8420842.1_doc-p4
PMC8427163,10.1186/s41687-021-00357-3,The Norwegian PROMIS-29: psychometric validation in the general population for Norway,Garratt AM; Coste J; Rouquette A; Valderas JM,Journal of Patient-Reported Outcomes,2021,CC BY 4.0,tables_derived-PMC8427163.1_doc-p8
PMC8427175,10.1093/icb/icab132,Mechanisms for Mid-Air Reorientation Using Tail Rotation in Gliding Geckos,Siddall R; Ibanez V; Byrnes G; Full RJ; Jusufi A,Integrative and Comparative Biology,2021,CC BY 4.0,tables_derived-PMC8427175.1_doc-p13
PMC8465712,10.3390/ijerph18189600,Predictors of Cognitive Function in Community-Dwelling Older Adults by Age Group: Based on the 2017 National Survey of Older Korean Adults,Kim J; Cha E,International Journal of Environmental Research and Public Health,2021,CC BY 4.0,tables_derived-PMC8465712.1_doc-p5
PMC8471787,10.3390/toxins13090650,"Toward Isolation of Palytoxins: Liquid Chromatography Coupled to Low- or High-Resolution Mass Spectrometry for the Study on the Impact of Drying Techniques, Solvents and Materials",Mazzeo A; Varra M; Tartaglione L; Ciminiello P; Zendong Z; Hess P; Dell’Aversano C,Toxins,2021,CC BY 4.0,tables_derived-PMC8471787.1_doc-p3
PMC8488867,10.1093/ajcn/nqab185,Meat intake and risk of mortality and graft failure in kidney transplant recipients,Said MY; Rodriguez-Niño A; Post A; Schutten JC; Kieneker LM; Gomes-Neto AW; van Londen M; Osté MC; Borgonjen-van den Berg KJ; Nolte IM; van den Berg E; de Blaauw P; van der Krogt J; Heiner-Fokkema MR; Navis G; Yard BA; Bakker SJ,The American Journal of Clinical Nutrition,2021,CC BY 4.0,tables_derived-PMC8488867.1_doc-p7
PMC8492700,10.1038/s12276-021-00668-x,Genomic and transcriptomic analyses reveal a tandem amplification unit of 11 genes and mutations in mismatch repair genes in methotrexate-resistant HT-29 cells,Kim A; Shin JY; Seo JS,Experimental & Molecular Medicine,2021,CC BY 4.0,tables_derived-PMC8492700.1_doc-p5
PMC8492716,10.1038/s41598-021-99284-y,De novo super-early progeny in interspecific crosses Pisum sativum L. × P. fulvum Sibth. et Sm,Sari H; Sari D; Eker T; Toker C,Scientific Reports,2021,CC BY 4.0,tables_derived-PMC8492716.1_doc-p3
PMC8492895,10.3389/fnins.2021.749230,Association Between Genetic Risks for Obesity and Working Memory in Children,Takahashi N; Nishimura T; Harada T; Okumura A; Iwabuchi T; Rahman MS; Kuwabara H; Takagai S; Nomura Y; Takei N; Tsuchiya KJ,Frontiers in Neuroscience,2021,CC BY 4.0,tables_derived-PMC8492895.1_doc-p3
PMC8515684,10.1186/s40644-021-00426-2,FDG-PET/CT imaging for evaluating durable responses to immune check point inhibitors in patients with advanced cutaneous squamous cell carcinoma,McLean LS; Cavanagh K; Hicks RJ; Callahan J; Xie J; Cardin A; Lim AM; Rischin D,Cancer Imaging,2021,CC BY 4.0,tables_derived-PMC8515684.1_doc-p4
PMC8515687,10.1186/s12904-021-00856-6,Patient and physician perspectives on engaging in palliative and healthcare trials: a qualitative descriptive study,Cardenas V; Rahman A; Giulioni J; Coulourides Kogan A; Enguidanos S,BMC Palliative Care,2021,CC BY 4.0,tables_derived-PMC8515687.1_doc-p4
PMC8515705,10.1186/s12873-021-00514-3,Barriers and facilitators to cardiopulmonary resuscitation within pre-hospital emergency medical services: a qualitative study,Dehghan-Nayeri N; Nouri-Sari H; Bahramnezhad F; Hajibabaee F; Senmar M,BMC Emergency Medicine,2021,CC BY 4.0,tables_derived-PMC8515705.1_doc-p4
PMC8515714,10.1186/s13023-021-02034-6,In-depth phenotyping for clinical stratification of Gaucher disease,D’Amore S; Page K; Donald A; Taiyari K; Tom B; Deegan P; Tan CY; Poole K; Jones SA; Mehta A; Hughes D; Sharma R; Lachmann RH; Chakrapani A; Geberhiwot T; Santra S; Banka S; Cox TM; the MRC GAUCHERITE ConsortiumCoxT. M.PlattF. M.BankaS.ChakrapaniA.DeeganP. B.GeberhiwotT.HughesD. A.JonesS.LachmannR. H.SantraS.SharmaR.VellodiA.; Cox TM; Platt FM; Banka S; Chakrapani A; Deegan PB; Geberhiwot T; Hughes DA; Jones S; Lachmann RH; Santra S; Sharma R; Vellodi A,Orphanet Journal of Rare Diseases,2021,CC BY 4.0,tables_derived-PMC8515714.1_doc-p6
PMC8515717,10.1186/s12957-021-02410-3,The benefits and risks of pembrolizumab in combination with chemotherapy as first-line therapy in small-cell lung cancer: a single-arm meta-analysis of noncomparative clinical studies and randomized control trials,Liu Q; Zhang Y; Liu M; Xu R; Yi F; Wei Y; Zhu S; Zhang W,World Journal of Surgical Oncology,2021,CC BY 4.0,tables_derived-PMC8515717.1_doc-p6
PMC8515721,10.1186/s13048-021-00890-1,Association between the food security status and dietary patterns with polycystic ovary syndrome (PCOS) in overweight and obese Iranian women: a case-control study,Badri-Fariman M; Naeini AA; Mirzaei K; Moeini A; Hosseini M; Bagheri SE; Daneshi-Maskooni M,Journal of Ovarian Research,2021,CC BY 4.0,tables_derived-PMC8515721.1_doc-p8
PMC8515722,10.1186/s12981-021-00387-3,"Treatment outcomes among adults with HIV/non-communicable disease multimorbidity attending integrated care clubs in Cape Town, South Africa",Gausi B; Berkowitz N; Jacob N; Oni T,AIDS Research and Therapy,2021,CC BY 4.0,tables_derived-PMC8515722.1_doc-p10
PMC8515738,10.1186/s12872-021-02306-w,Complement component 7 is associated with total- and cardiac death in chest-pain patients with suspected acute coronary syndrome,Aarsetøy R; Ueland T; Aukrust P; Michelsen AE; Leon de la Fuente R; Grundt H; Staines H; Nygaard O; Nilsen DWT,BMC Cardiovascular Disorders,2021,CC BY 4.0,tables_derived-PMC8515738.1_doc-p6
PMC8518486,10.1111/liv.14963,Circulating trimethylamine‐N‐oxide is associated with all‐cause mortality in subjects with nonalcoholic fatty liver disease,Flores‐Guerrero JL; Post A; van Dijk PR; Connelly MA; Garcia E; Navis G; Bakker SJL; Dullaart RPF,Liver International,2021,CC BY 4.0,tables_derived-PMC8518486.1_doc-p8
PMC8518491,10.1111/1346-8138.16035,Clinical effectiveness of efinaconazole 10% solution for treatment of onychomycosis with longitudinal spikes,Watanabe S; Iozumi K; Abe M; Ito Y; Uesugi T; Onoduka T; Kato I; Kato F; Kodama K; Takahashi H; Takeda O; Tomizawa K; Tateishi Y; Fujii M; Mayama J; Muramoto F; Yasuda H; Yamanaka K; Oh‐i T; Kasai H; Tsuboi R; Hattori N; Maruyama R; Omi T; Shimoyama H; Nakasu I; Watanabe‐Okada E; Nishimoto S; Mochizuki T; Fukuzawa M; Seishima M; Sugiura K; Yamamoto O; Shindo M; Kiryu H; Kusuhara M; Takenaka M,The Journal of Dermatology,2021,CC BY 4.0,tables_derived-PMC8518491.1_doc-p6
PMC8518496,10.1002/asia.202100714,"Selective Synthesis and Characterization of the Highly Energetic Materials 1‐Hydroxy‐5H‐tetrazole (CHN4O), its Anion 1‐Oxido‐5H‐tetrazolate (CN4O−) and Bis(1‐hydroxytetrazol‐5‐yl)triazene",Klapötke TM; Kofen M; Schmidt L; Stierstorfer J; Wurzenberger MHH,"Chemistry, an Asian Journal",2021,CC BY 4.0,tables_derived-PMC8518496.1_doc-p8
PMC8518500,10.1111/his.14381,Performance of a HER2 testing algorithm specific for p53‐abnormal endometrial cancer,Vermij L; Singh N; Leon‐Castillo A; Horeweg N; Oosting J; Carlson J; Smit V; Gilks B; Bosse T,Histopathology,2021,CC BY 4.0,tables_derived-PMC8518500.1_doc-p5
PMC8518515,10.1111/jvp.12983,Grapiprant: A snapshot of the current knowledge,Sartini I; Giorgi M,Journal of Veterinary Pharmacology and Therapeutics,2021,CC BY 4.0,tables_derived-PMC8518515.1_doc-p4
PMC8580685,10.1155/2021/2659828,Corneal Cross-Linking as Treatment in Pediatric Keratoconus: Comparison of Two Protocols,Hed S; Matlov Kormas R; Shashar S; Malyugin BE; Boyko M; Knyazer B,Journal of Ophthalmology,2021,CC BY 4.0,tables_derived-PMC8580685.1_doc-p3; tables_derived-PMC8580685.1_doc-p4
PMC8580899,10.1007/s10147-021-02034-3,Meta-analysis of risk factors associated with oxaliplatin hypersensitivity reactions in cancer patients,Zhu L; Li H; Du Q; Ye X; Yu S; Luo X; Zhai Q,International Journal of Clinical Oncology,2021,CC BY 4.0,tables_derived-PMC8580899.1_doc-p4
PMC8600047,10.3389/fcell.2021.782473,Competitive Endogenous RNA Landscape in Epstein-Barr Virus Associated Nasopharyngeal Carcinoma,Lin X; Wang S; Lin K; Zong J; Zheng Q; Su Y; Huang T,Frontiers in Cell and Developmental Biology,2021,CC BY 4.0,tables_derived-PMC8600047.1_doc-p7
PMC8600104,10.1007/s00784-021-04276-x,Including dental professionals in the multidisciplinary treatment team of head and neck cancer patients improves long-term oral health status,Bertl K; Savvidis P; Kukla EB; Schneider S; Zauza K; Bruckmann C; Stavropoulos A,Clinical Oral Investigations,2021,CC BY 4.0,tables_derived-PMC8600104.1_doc-p4; tables_derived-PMC8600104.1_doc-p5; tables_derived-PMC8600104.1_doc-p6; tables_derived-PMC8600104.1_doc-p7
PMC8672890,10.1128/Spectrum.01538-21,Cellular and Extracellular Vesicle RNA Analysis in the Global Threat Fungus Candida auris,Munhoz da Rocha IF; Martins ST; Amatuzzi RF; Zamith-Miranda D; Nosanchuk JD; Rodrigues ML; Alves LR,Microbiology Spectrum,2021,CC BY 4.0,tables_derived-PMC8672890.1_doc-p10; tables_derived-PMC8672890.1_doc-p11; tables_derived-PMC8672890.1_doc-p6
PMC8683200,10.1155/2021/1894160,Behavioral and Genetic Factors Associated with Successful Long-Term Cessation in Persons with HIV Who Smoke Cigarettes,Shuter J; Hosgood HD; Kim RS; Ye K; Montagna C; Shan J; Weinberger AH,Journal of Smoking Cessation,2021,CC BY 4.0,tables_derived-PMC8683200.1_doc-p4
PMC8683238,10.1155/2021/2701039,Effect of WeChat-Based Health Education Combined with Satir Model on Self-Management Behaviors and Social Adaptation in Colorectal Cancer Patients during the Perioperative Period,Feng L; Wang W; Wu M; Ma H,Journal of Healthcare Engineering,2021,CC BY 4.0,tables_derived-PMC8683238.1_doc-p3
PMC8683247,10.1155/2021/7010706,Transmission Jeopardy of Adenomatosis Polyposis Coli and Methylenetetrahydrofolate Reductase in Colorectal Cancer,Mohd Y; Kumar P; Kuchi Bhotla H; Meyyazhagan A; Balasubramanian B; Ramesh Kumar MK; Pappusamy M; Alagamuthu KK; Orlacchio A; Keshavarao S; Sampathkumar P; Arumugam VA,Journal of the Renin-Angiotensin-Aldosterone System: JRAAS,2021,CC BY 4.0,tables_derived-PMC8683247.1_doc-p7
PMC8783854,10.1007/s11356-021-16384-y,Ant nests as a microbial hot spots in a long-term heavy metal-contaminated soils,Klimek B; Poliwka-Modliborek H; Grześ IM,Environmental Science and Pollution Research International,2021,CC BY 4.0,tables_derived-PMC8783854.1_doc-p6
PMC8812337,10.3389/fpsyg.2021.794587,The Distribution of Subjects in L2 Spanish by Greek Learners,Margaza P; Gavarró A,Frontiers in Psychology,2022,CC BY 4.0,tables_derived-PMC8812337.1_doc-p10; tables_derived-PMC8812337.1_doc-p9
PMC8812692,10.1097/MD.0000000000028642,Associations of leucocyte telomere length with cardio-metabolic risk profile in a South African HIV-infected population,Ngwa NE; Peer N; Matsha TE; de Villiers A; Sobngwi E; Kengne AP,Medicine,2022,CC BY 4.0,tables_derived-PMC8812692.1_doc-p6; tables_derived-PMC8812692.1_doc-p7
PMC8833170,10.1073/pnas.2112663119,Impact of ADAR-induced editing of minor viral RNA populations on replication and transmission of SARS-CoV-2,Ringlander J; Fingal J; Kann H; Prakash K; Rydell G; Andersson M; Martner A; Lindh M; Horal P; Hellstrand K; Kann M,Proceedings of the National Academy of Sciences of the United States of America,2022,CC BY 4.0,tables_derived-PMC8833170.1_doc-p2
PMC8982392,10.1093/jxb/erac005,The INDEPTH (Impact of Nuclear Domains on Gene Expression and Plant Traits) Academy: a community resource for plant science,Tatout C; Mougeot G; Parry G; Baroux C; Pradillo M; Evans D,Journal of Experimental Botany,2022,CC BY 4.0,tables_derived-PMC8982392.1_doc-p4; tables_derived-PMC8982392.1_doc-p5; tables_derived-PMC8982392.1_doc-p6
PMC8994888,10.1186/s12884-022-04650-x,Pregnancy maternal fetal outcomes among pregnancies complicated with atrioventricular block,Wang K; Xin J; Huang G; Wang X; Yu H,BMC Pregnancy and Childbirth,2022,CC BY 4.0,tables_derived-PMC8994888.1_doc-p4
PMC8994893,10.1186/s12910-022-00778-9,"Dealing with sexual boundary violation in mental healthcare institutions by government policies: the case of Flanders, Belgium",Vesentini L; Dewilde K; Matthys F; De Wachter D; Van Puyenbroeck H; Bilsen J,BMC Medical Ethics,2022,CC BY 4.0,tables_derived-PMC8994893.1_doc-p4
PMC8994908,10.1186/s12877-022-03027-1,Characteristics and comorbidities of headache in patients over 50 years of age: a cross-sectional study,Togha M; Karimitafti MJ; Ghorbani Z; Farham F; Naderi-Behdani F; Nasergivehchi S; Vahabi Z; Ariyanfar S; Jafari E,BMC Geriatrics,2022,CC BY 4.0,tables_derived-PMC8994908.1_doc-p7
PMC9040247,10.1186/s12915-022-01297-0,Phylogenomic approaches untangle early divergences and complex diversifications of the olive plant family,Dong W; Li E; Liu Y; Xu C; Wang Y; Liu K; Cui X; Sun J; Suo Z; Zhang Z; Wen J; Zhou S,BMC Biology,2022,CC BY 4.0,tables_derived-PMC9040247.1_doc-p5
PMC9040249,10.1186/s12891-022-05319-4,Radiographic measurement of the posterior tibial slope in normal Chinese adults: a retrospective cohort study,Chen Y; Ding J; Dai S; Yang J; Wang M; Tian T; Deng X; Li B; Cheng G; Liu J,BMC Musculoskeletal Disorders,2022,CC BY 4.0,tables_derived-PMC9040249.1_doc-p7
PMC9040256,10.1186/s12862-022-02004-x,Biomonitoring via DNA metabarcoding and light microscopy of bee pollen in rainforest transformation landscapes of Sumatra,Carneiro de Melo Moura C; Setyaningsih CA; Li K; Merk MS; Schulze S; Raffiudin R; Grass I; Behling H; Tscharntke T; Westphal C; Gailing O,BMC Ecology and Evolution,2022,CC BY 4.0,tables_derived-PMC9040256.1_doc-p11
PMC9040273,10.1186/s12885-022-09551-y,"The value of preoperative sentinel lymph node contrast-enhanced ultrasound for breast cancer: a large, multicenter trial",Li J; Li H; Guan L; Lu Y; Zhan W; Dong Y; Gu P; Liu J; Cheng W; Na Z; Tang L; Du Z; Yang L; Hai S; Yang C; Zheng Q; Zhang Y; Wang S; Li F; Fu J; Lu M,BMC Cancer,2022,CC BY 4.0,tables_derived-PMC9040273.1_doc-p4
PMC9083751,10.4322/acr.2021.375,Invasive cystic hypersecretory carcinoma of the breast,Chitti S; Misra S; Ahuja A; Gupta N; Yelamanchi R,Autopsy & Case Reports,2022,CC BY 4.0,tables_derived-PMC9083751.1_doc-p2
PMC9161181,10.1186/s13063-022-06337-2,A virtual reality home-based training for the management of stress and anxiety among healthcare workers during the COVID-19 pandemic: study protocol for a randomized controlled trial,Pallavicini F; Orena E; di Santo S; Greci L; Caragnano C; Ranieri P; Vuolato C; Pepe A; Veronese G; Stefanini S; Achille F; Dakanalis A; Bernardelli L; Sforza F; Rossini A; Caltagirone C; Fascendini S; Clerici M; Riva G; Mantovani F,Trials,2022,CC BY 4.0,tables_derived-PMC9161181.1_doc-p7
PMC9161196,10.1007/s10669-022-09864-0,Informing environmental health and risk priorities through local outreach and extension,Grieger K; Cummings CL,Environment Systems & Decisions,2022,CC BY 4.0,tables_derived-PMC9161196.1_doc-p4
PMC9208921,10.1155/2022/1575303,A Hybrid Data-Driven Approach for Multistep Ahead Prediction of State of Health and Remaining Useful Life of Lithium-Ion Batteries,Ali MU; Zafar A; Masood H; Kallu KD; Khan MA; Tariq U; Kim YJ; Chang B,Computational Intelligence and Neuroscience,2022,CC BY 4.0,tables_derived-PMC9208921.1_doc-p6
PMC9265393,10.3390/cells11132060,Differential Transcriptional Responses in Two Old World Bemisia tabaci Cryptic Species Post Acquisition of Old and New World Begomoviruses,Mugerwa H; Gautam S; Catto MA; Dutta B; Brown JK; Adkins S; Srinivasan R,Cells,2022,CC BY 4.0,tables_derived-PMC9265393.1_doc-p6
PMC9280902,10.1136/bmjdrc-2022-002815,Physical behaviors and their association with type 2 diabetes mellitus risk markers in urban South African middle-aged adults: an isotemporal substitutionapproach,Kufe CN; Goedecke JH; Masemola M; Chikowore T; Soboyisi M; Smith A; Westgate K; Brage S; Micklesfield LK,BMJ Open Diabetes Research & Care,2022,CC BY 4.0,tables_derived-PMC9280902.1_doc-p5
PMC9280921,10.1192/j.eurpsy.2022.28,Care pathways for people with major depressive disorder: A European Brain Council Value of Treatment study,Strawbridge R; McCrone P; Ulrichsen A; Zahn R; Eberhard J; Wasserman D; Brambilla P; Schiena G; Hegerl U; Balazs J; Caldas de Almeida J; Antunes A; Baltzis S; Carli V; Quoidbach V; Boyer P; Young AH,European Psychiatry,2022,CC BY 4.0,tables_derived-PMC9280921.1_doc-p7
PMC9297761,10.1002/vms3.809,Phylogenetic and genetic characterization of influenza A H9N2 viruses isolated from backyard poultry in selected farms in Ghana,Kotey EN; Asante IA; Adusei‐Poku M; Arjarquah A; Ampadu R; Rodgers D; Nyarko EO; Asiedu W; Dafeamekpor C; Wiley MR; Mawuli G; Obeng RA; Nyarko SO; Magnusen V; Kodua E; Attram N; Nimo‐Paintsil SC; Pratt C; Fox AT; Letizia A; Ampofo WK,Veterinary Medicine and Science,2022,CC BY 4.0,tables_derived-PMC9297761.1_doc-p6
PMC9384986,10.1371/journal.pone.0273168,Traumatic brain injury in the elderly after a skiing accident: A retrospective cohort study in a level 1 emergency department in Switzerland,Consuegra A; Lutz K; Exadaktylos AK; Z’Graggen WJ; Hasler RM,PLoS ONE,2022,CC BY 4.0,tables_derived-PMC9384986.1_doc-p5
PMC9385100,10.1007/s00392-022-02082-3,Effects of the COVID-19 pandemic on acute coronary syndromes in Germany during the first wave: the COVID-19 collateral damage study,Zeymer U; Ahmadli V; Schneider S; Werdan K; Weber M; Hohenstein S; Hindricks G; Desch S; Bollmann A; Thiele H,Clinical Research in Cardiology,2022,CC BY 4.0,tables_derived-PMC9385100.2_doc-p7
PMC9385196,10.3389/fonc.2022.952847,Segmentation of the cervical lesion region in colposcopic images based on deep learning,Yu H; Fan Y; Ma H; Zhang H; Cao C; Yu X; Sun J; Cao Y; Liu Y,Frontiers in Oncology,2022,CC BY 4.0,tables_derived-PMC9385196.1_doc-p8
PMC9449665,10.1016/j.psj.2022.102066,The use of selected herbal preparations for the disinfection of Japanese quail hatching eggs,Al-Shammari KI; Batkowska J; Gryzińska M; Wlazło Ł; Ossowski M; Nowakowicz-Dębek B,Poultry Science,2022,CC BY 4.0,tables_derived-PMC9449665.1_doc-p4
PMC9449672,10.1016/j.jot.2022.07.002,"Specific microRNAs are associated with fracture healing phases, patient age and multi-trauma",Groven RVM; Peniche Silva CJ; Balmayor ER; van der Horst BNJ; Poeze M; Blokhuis TJ; van Griensven M,Journal of Orthopaedic Translation,2022,CC BY 4.0,tables_derived-PMC9449672.1_doc-p3
PMC9467282,10.1590/1414-431X2022e12150,Intracranial compliance in type 2 diabetes mellitus and its relationship with the cardiovascular autonomic nervous control,Galdino G; Moura-Tonello S; Linares S; Milan-Mattos J; Spavieri D; Oliveira S; Porta A; Beltrame T; Catai A,Brazilian Journal of Medical and Biological Research,2022,CC BY 4.0,tables_derived-PMC9467282.1_doc-p7
PMC9521832,10.1371/journal.pntd.0010793,Distinct loiasis infection states and associated clinical and hematological manifestations in patients from Gabon,Veletzky L; Eberhardt KA; Hergeth J; Stelzl DR; Zoleko Manego R; Mombo-Ngoma G; Kreuzmair R; Burger G; Adegnika AA; Agnandji ST; Matsiegui PB; Boussinesq M; Mordmüller B; Ramharter M,PLoS Neglected Tropical Diseases,2022,CC BY 4.0,tables_derived-PMC9521832.1_doc-p5
PMC9521855,10.1007/s11469-022-00920-z,Evaluation of Substance Use Disorder Readmission and Length of Hospital Stay in a Major Rehabilitation Center in the Gulf States: a Retrospective Cohort Study,Ramadan M; Alharbi A; Ahmad RG; Alkhalaf A; Alhusseini N; Algarni AS; Mohamed IS,International Journal of Mental Health and Addiction,2022,CC BY 4.0,tables_derived-PMC9521855.1_doc-p8
PMC9521864,10.1186/s12931-022-02187-3,The burden of chronic respiratory disease and attributable risk factors in North Africa and Middle East: findings from global burden of disease study (GBD) 2019,Fallahzadeh A; Sharifnejad Tehrani Y; Sheikhy A; Ghamari SH; Mohammadi E; Saeedi Moghaddam S; Esfahani Z; Nasserinejad M; Shobeiri P; Rashidi MM; Rezaei N; Heidari-Foroozan M; Rezaei N; Larijani B; Farzadfar F,Respiratory Research,2022,CC BY 4.0,tables_derived-PMC9521864.1_doc-p4
PMC9521870,10.1007/s12529-022-10125-2,Perceived Social Support and Sustained Physical Activity During the COVID-19 Pandemic,Hailey V; Fisher A; Hamer M; Fancourt D,International Journal of Behavioral Medicine,2022,CC BY 4.0,tables_derived-PMC9521870.1_doc-p6
PMC9532924,10.1111/cns.13923,A prediction model integrating synchronization biomarkers and clinical features to identify responders to vagus nerve stimulation among pediatric patients with drug‐resistant epilepsy,Ma J; Wang Z; Cheng T; Hu Y; Qin X; Wang W; Yu G; Liu Q; Ji T; Xie H; Zha D; Wang S; Yang Z; Liu X; Cai L; Jiang Y; Hao H; Wang J; Li L; Wu Y,CNS Neuroscience & Therapeutics,2022,CC BY 4.0,tables_derived-PMC9532924.1_doc-p6
PMC9577826,10.1016/j.amsu.2022.104762,Association of Vitamin B12 deficiency with long-term PPIs use: A cohort study,Mumtaz H; Ghafoor B; Saghir H; Tariq M; Dahar K; Ali SH; Waheed ST; Syed AA,Annals of Medicine and Surgery,2022,CC BY 4.0,tables_derived-PMC9577826.1_doc-p3
PMC9604807,10.3390/jcm11206082,Left Ventricular Mass with Delayed Enhancement as a Predictor of Major Events in Patients with Myocarditis with Preserved Ejection Fraction,Ghionzoli N; Gismondi A; Mandoli GE; Spera L; Di Florio A; D’Ascenzi F; Cameli M; Cavigli L; Sciaccaluga C; Carbone SF; Aquaro GD; Valente S; Focardi M,Journal of Clinical Medicine,2022,CC BY 4.0,tables_derived-PMC9604807.1_doc-p5
PMC9604882,10.3390/jpm12101573,Early Prognostic Stratification of Clostridioides difficile Infection in the Emergency Department: The Role of Age and Comorbidities,Covino M; Gallo A; Pero E; Simeoni B; Macerola N; Murace CA; Ibba F; Landi F; Franceschi F; Montalto M,Journal of Personalized Medicine,2022,CC BY 4.0,tables_derived-PMC9604882.1_doc-p8
PMC9709469,10.3389/fvets.2022.1003550,"Practice of integrated vector surveillance of arthropod vectors, pathogens and reservoir hosts to monitor the occurrence of tropical vector-borne diseases in 2020 in Zhejiang Province, China",Wu Y; Wang J; Liu Q; Li T; Luo M; Gong Z,Frontiers in Veterinary Science,2022,CC BY 4.0,tables_derived-PMC9709469.1_doc-p4; tables_derived-PMC9709469.1_doc-p5
PMC9709694,10.2196/38441,COVID-19 Messaging on Social Media for American Indian and Alaska Native Communities: Thematic Analysis of Audience Reach and Web Behavior,Weeks R; White S; Hartner AM; Littlepage S; Wolf J; Masten K; Tingey L,JMIR Infodemiology,2022,CC BY 4.0,tables_derived-PMC9709694.2_doc-p5; tables_derived-PMC9709694.2_doc-p7
PMC9746873,10.18632/genesandcancer.226,Pathogenesis to management of hepatocellular carcinoma,Da BL; Suchman KI; Lau L; Rabiee A; He AR; Shetty K; Yu H; Wong LL; Amdur RL; Crawford JM; Fox SS; Grimaldi GM; Shah PK; Weinstein J; Bernstein D; Satapathy SK; Chambwe N; Xiang X; Mishra L,Genes & Cancer,2022,CC BY 3.0,tables_derived-PMC9746873.1_doc-p3
PMC9746891,10.1093/ejcts/ezac034,The impact of gender bias in cardiothoracic surgery in Europe: a European Society of Thoracic Surgeons and European Association for Cardio-Thoracic Surgery survey,Pompili C; Opitz I; Backhus L; Leschber G; Veronesi G; Lauk O; Novoa N; Daddi N; Deglurkar I; Cleuziou J; Emrich AL; D’Auria F; Kluin J,European Journal of Cardio-Thoracic Surgery : Official Journal of the European Association for Cardio-thoracic Surgery,2022,CC BY 4.0,tables_derived-PMC9746891.1_doc-p4
PMC9800903,10.1155/2022/1361135,XPO1-Mediated EIF1AX Cytoplasmic Relocation Promotes Tumor Migration and Invasion in Endometrial Carcinoma,Ye Y; Lv C; Sun J; Lin Z; Liu Y; Huang Y; Chen Y; Li H; Lian X; Jiang X; Zhang S; Wang S,Oxidative Medicine and Cellular Longevity,2022,CC BY 4.0,tables_derived-PMC9800903.1_doc-p3
PMC9800904,10.1155/2022/4673514,A Cuproptosis-Related lncRNAs Signature Could Accurately Predict Prognosis in Patients with Clear Cell Renal Cell Carcinoma,Zhang W; Wang H; Wang W; Xue H; Qiao M; Song L; Wang S; Ren Z; Ma Z,Analytical Cellular Pathology (Amsterdam),2022,CC BY 4.0,tables_derived-PMC9800904.1_doc-p4
PMC9800950,10.1016/j.bjorl.2021.06.008,Nasal irrigation with corticosteroids in Brazil: the clinical response of 1% compounded budesonide drops and betamethasone cream,Luz-Matsumoto GR; Cabernite-Marchetti E; Sasaki LSK; Marquez GJ; Lacerda LSd; Almeida TRd; Kosugi EM,Brazilian Journal of Otorhinolaryngology,2022,CC BY 4.0,tables_derived-PMC9800950.1_doc-p8
PMC9851236,10.1080/07853890.2022.2156595,Associations between serum electrolyte and short-term outcomes in patients with acute decompensated heart failure,Zhao K; Zheng Q; Zhou J; Zhang Q; Gao X; Liu Y; Li S; Shan W; Liu L; Guo N; Tian H; Wei Q; Hu X; Cui Y; Geng X; Wang Q; Cui W,Annals of Medicine,2022,CC BY 4.0,tables_derived-PMC9851236.1_doc-p6
PMC9851273,10.3389/fcimb.2022.1010979,Omic insights into various ceftazidime-avibactam-resistant Klebsiella pneumoniae isolates from two southern Italian regions,Bongiorno D; Bivona DA; Cicino C; Trecarichi EM; Russo A; Marascio N; Mezzatesta ML; Musso N; Privitera GF; Quirino A; Scarlata GGM; Matera G; Torti C; Stefani S,Frontiers in Cellular and Infection Microbiology,2023,CC BY 4.0,tables_derived-PMC9851273.1_doc-p7
PMC9851289,10.1093/bib/bbac490,Validation of transcriptome signature reversion for drug repurposing in oncology,Koudijs KKM; Böhringer S; Guchelaar HJ,Briefings in Bioinformatics,2023,CC BY 4.0,tables_derived-PMC9851289.1_doc-p7
PMC9864203,10.3390/v15010020,Epidemiology of Non-SARS-CoV2 Human Coronaviruses (HCoVs) in People Presenting with Influenza-like Illness (ILI) or Severe Acute Respiratory Infections (SARI) in Senegal from 2012 to 2020,Faye MN; Barry MA; Jallow MM; Wade SF; Mendy MP; Sy S; Fall A; Kiori DE; Ndiaye NK; Goudiaby D; Diamanka A; Niang MN; Dia N,Viruses,2022,CC BY 4.0,tables_derived-PMC9864203.1_doc-p6
PMC9864797,10.3390/sports11010001,Optimal Drop Height in Prepubertal Boys Is Revealed by the Performance in Squat Jump,Bassa E; Adamopoulos I; Panoutsakopoulos V; Xenofondos A; Yannakos A; Galazoulas C; Patikas DA,Sports,2022,CC BY 4.0,tables_derived-PMC9864797.1_doc-p3
PMC9864930,10.3390/pathogens12010027,"Postoperative Prevention of Urinary Tract Infections in Patients after Urogynecological Surgeries—Nonantibiotic Herbal (Canephron) versus Antibiotic Prophylaxis (Fosfomycin Trometamol): A Parallel-Group, Randomized, Noninferiority Experimental Trial",Wawrysiuk S; Rechberger T; Kubik-Komar A; Kolodynska A; Naber K; Miotla P,Pathogens,2022,CC BY 4.0,tables_derived-PMC9864930.1_doc-p4
PMC9865142,10.3390/ijms24021018,Puumala Orthohantavirus Reassortant Genome Variants Likely Emerging in the Watershed Forests,Kabwe E; Shamsutdinov AF; Suleimanova S; Martynova EV; Ismagilova RK; Shakirova VG; Savitskaya TA; Isaeva GS; Rizvanov AA; Khaiboullina SF; Morzunov SP; Davidyuk YN,International Journal of Molecular Sciences,2023,CC BY 4.0,tables_derived-PMC9865142.1_doc-p3
PMC9865165,10.3390/s23020691,Impact of Glass Irradiation on Laser-Induced Breakdown Spectroscopy Data Analysis,Garrett LJ; Morgan BW; Burger M; Lee Y; Kim H; Sabharwall P; Choi S; Jovanovic I,"Sensors (Basel, Switzerland)",2023,CC BY 4.0,tables_derived-PMC9865165.1_doc-p9
PMC9883116,10.1002/jia2.26056,Discontinuation of government subsidized HIV pre‐exposure prophylaxis in Australia: a whole‐of‐population analysis of dispensing records,Medland NA; Fraser D; Bavinton BR; Jin F; Grulich AE; Paynter H; Guy R; McManus H,Journal of the International AIDS Society,2023,CC BY 4.0,tables_derived-PMC9883116.1_doc-p4
PMC9883130,10.1007/s00146-023-01628-x,Open source intelligence and AI: a systematic review of the GELSI literature﻿,Ghioni R; Taddeo M; Floridi L,Ai & Society,2023,CC BY 4.0,tables_derived-PMC9883130.1_doc-p4
PMC9934953,10.1111/1753-0407.13363,Patterns of new glucagon‐like peptide‐1 receptor agonist use in patients with type 2 diabetes during 2014–2019 from a US database: prescriber and patient characteristics,Lingvay I; Aroda VR; Honoré JB; Ersbøll AS; Nystrup Husemoen LL; Jensen AB; Sommer Matthiessen K; Kosiborod MN,Journal of Diabetes,2023,CC BY 4.0,tables_derived-PMC9934953.1_doc-p2
PMC9962382,10.3390/toxics11020097,Study on the Ecotoxic Effects of Uranium and Heavy Metal Elements in Soils of a Uranium Mining Area in Northern Guangdong,Zhang Z; Tang Z; Liu Y; He H; Guo Z; Feng P; Chen L; Sui Q,Toxics,2023,CC BY 4.0,tables_derived-PMC9962382.1_doc-p8
PMC10011606,10.1038/s41467-023-36689-5,Towards routine chromosome-scale haplotype-resolved reconstruction in cancer genomics,Garg S,Nature Communications,2023,CC BY 4.0,tables_derived-PMC10011606.1_doc-p5
PMC10011611,10.26508/lsa.202201806,A protocol for single nucleus RNA-seq from frozen skeletal muscle,Soule TG; Pontifex CS; Rosin N; Joel MM; Lee S; Nguyen MD; Chhibber S; Pfeffer G,Life Science Alliance,2023,CC BY 4.0,tables_derived-PMC10011611.1_doc-p3
PMC10011635,10.3389/fendo.2023.1087999,Maternal high-fat diet decreases milk endocannabinoids with sex-specific changes in the cannabinoid and dopamine signaling and food preference in rat offspring,Dias-Rocha CP; Costa JCB; Oliveira YS; Fassarella LB; Woyames J; Atella GC; Santos GRC; Pereira HMG; Pazos-Moura CC; Almeida MM; Trevenzoli IH,Frontiers in Endocrinology,2023,CC BY 4.0,tables_derived-PMC10011635.1_doc-p8
PMC10037780,10.1186/s13027-023-00499-7,"Genetic diversity and bioinformatic analysis in the L1 gene of HPV genotypes 31, 33, and 58 circulating in women with normal cervical cytology",Mobini Kesheh M; Shavandi S; Azami J; Esghaei M; Keyvani H,Infectious Agents and Cancer,2023,CC BY 4.0,tables_derived-PMC10037780.1_doc-p6; tables_derived-PMC10037780.1_doc-p8
PMC10038045,10.1080/19336918.2023.2191913,Inhibition of Integrin αvβ3-FAK-MAPK signaling constrains the invasion of T-ALL cells,Huang L; Zhu Y; Kong Q; Guan X; Lei X; Zhang L; Yang H; Yao X; Liang S; An X; Yu J,Cell Adhesion & Migration,2023,CC BY 4.0,tables_derived-PMC10038045.1_doc-p4
PMC10064501,10.1186/s40359-023-01133-2,Examining the effect of safety climate on accident risk through job stress: a path analysis,Khoshakhlagh AH; Sulaie SA; Yazdanirad S; Park J,BMC Psychology,2023,CC BY 4.0,tables_derived-PMC10064501.1_doc-p4
PMC10069776,10.1371/journal.pcbi.1010154,A real data-driven simulation strategy to select an imputation method for mixed-type trait data,May JA; Feng Z; Adamowicz SJ,PLOS Computational Biology,2023,CC BY 4.0,tables_derived-PMC10069776.1_doc-p10
PMC10069786,10.1371/journal.pmed.1004117,Recording of intellectual disability in general hospitals in England 2006–2019: Cohort study using linked datasets,Sheehan R; Mansour H; Broadbent M; Hassiotis A; Mueller C; Stewart R; Strydom A; Sommerlad A,PLOS Medicine,2023,CC BY 4.0,tables_derived-PMC10069786.1_doc-p10
PMC10069828,10.1097/HC9.0000000000000125,Increasing national trend of direct-acting antiviral discontinuation among people treated for HCV 2016–2021,Carson J; Barbieri S; Matthews GV; Dore GJ; Hajarizadeh B,Hepatology Communications,2023,CC BY 4.0,tables_derived-PMC10069828.1_doc-p4
PMC10130802,10.1007/s10729-023-09637-4,Assessing the impact of COVID-19 on the performance of organ transplant services using data envelopment analysis,Manoel MNF; Santos SP; Amado CAF,Health Care Management Science,2023,CC BY 4.0,tables_derived-PMC10130802.1_doc-p10
PMC10130807,10.1186/s12903-023-02923-1,Oral health status of students with visual or hearing impairments in Northeast China,Li J; Zhang K; Cha C; Lu Z; Liu L,BMC Oral Health,2023,CC BY 4.0,tables_derived-PMC10130807.1_doc-p5
PMC10132212,10.18332/tpc/161999,Lesson-drawing in tobacco control: A qualitative study of stakeholder perceptions in five North-Western European countries,Kuijpers TG; Kunst AE; Willemsen MC,Tobacco Prevention & Cessation,2023,CC BY 4.0,tables_derived-PMC10132212.1_doc-p3
PMC10158643,10.1093/ptj/pzad014,Measurement Properties of the Patient-Specific Functional Scale in Rehabilitation for Patients With Stroke: A Prospective Observational Study,Evensen J; Soberg HL; Sveen U; Hestad KA; Moore JL; Bronken BA,Physical Therapy,2023,CC BY 4.0,rotation_skew-images_rs202a2c99_skew2-p1; rotation_skew-images_rs572d1c0f_skew2-p1; rotation_skew-rs202a2c99_rot90-p1; tables_derived-PMC10158643.1_doc-p4; tables_derived-PMC10158643.1_doc-p5; tables_derived-PMC10158643.1_doc-p6
PMC10158683,10.1186/s13223-023-00791-6,COVID-19 risk perception and vaccine acceptance in individuals with self-reported chronic respiratory or autoimmune conditions,Smith BA; Ricotta EE; Kwan JL; Evans NG,"Allergy, Asthma, and Clinical Immunology : Official Journal of the Canadian Society of Allergy and Clinical Immunology",2023,CC BY 4.0,tables_derived-PMC10158683.1_doc-p4
PMC10158700,10.1186/s13223-023-00789-0,Utility of eConsults for COVID-19 vaccine-related concerns in Ontario: a cross-sectional analysis,Walter G; Jeimy S; Liddy C; Guglani S; Ellis AK; Blair A; Kobayaa H; Chad Z; Keely E,"Allergy, Asthma, and Clinical Immunology : Official Journal of the Canadian Society of Allergy and Clinical Immunology",2023,CC BY 4.0,rotation_skew-images_rs3db714a4_skew2-p1; rotation_skew-rs3db714a4_rot180-p1; tables_derived-PMC10158700.1_doc-p6; tables_derived-PMC10158700.2_doc-p6
PMC10158706,10.1038/s41598-023-29669-8,Blood unconjugated bilirubin and tacrolimus are negative predictors of specific cellular immunity in kidney transplant recipients after SAR-CoV-2 inactivated vaccination,Zhang L; Yang J; Deng M; Xu C; Lai C; Deng X; Wang Y; Zhou Q; Liu Y; Wan L; Li P; Fang J; Hou J; Lai X; Ma F; Li N; Li G; Kong W; Zhang W; Li J; Cao M; Feng L; Chen Z; Chen L; Ji T,Scientific Reports,2023,CC BY 4.0,rotation_skew-images_rs94e48752_skew2-p1; rotation_skew-rs94e48752_rot90-p1; tables_derived-PMC10158706.1_doc-p6
PMC10158710,10.1007/s00268-023-07027-z,Spontaneous Resolution of Uncomplicated Appendicitis may Explain Increase in Proportion of Complicated Appendicitis During Covid-19 Pandemic: a Systematic Review and Meta-analysis,Andersson RE; Agiorgiti M; Bendtsen M,World Journal of Surgery,2023,CC BY 4.0,rotation_skew-images_rs39b1a468_skew2-p1; rotation_skew-images_rsde09896f_skew2-p1; rotation_skew-rs39b1a468_rot180-p1; rotation_skew-rsde09896f_rot90-p1
PMC10158715,10.1186/s12966-023-01426-0,Effect of a relative pricing intervention and active merchandising on snack purchases: interrupted time series analysis of a hospital retailer-led strategy,Mah CL; Kennedy L; Taylor NGA; Nicholson T; Jago E; MacDonald B,The International Journal of Behavioral Nutrition and Physical Activity,2023,CC BY 4.0,rotation_skew-rs54f4e3f4_rot180-p1; tables_derived-PMC10158715.1_doc-p3; tables_derived-PMC10158715.2_doc-p3
PMC10158747,10.1515/almed-2019-0043,Biomarcadores de hipogonadismo masculino en la infancia y la adolescencia,Rey RA,Advances in Laboratory Medicine,2020,CC BY 4.0,rotation_skew-images_rsc061cc5d_skew2-p1; rotation_skew-rsc061cc5d_rot270-p1
PMC10158757,10.7717/peerj.15287,Loot box consumption by adolescents pre- and post- pandemic lockdown,DeCamp W; Daly K,PeerJ,2023,CC BY 4.0,tables_derived-PMC10158757.1_doc-p9
PMC10158758,10.7717/peerj.15081,Regeneration dynamics of Portulacaria afra in restored succulent thicket of South Africa,Galuszynski NC,PeerJ,2023,CC BY 4.0,tables_derived-PMC10158758.1_doc-p5
PMC10158776,10.1002/1878-0261.13415,"Comparative evaluation of PD‐L1 expression in cytology imprints, circulating tumour cells and tumour tissue in non‐small cell lung cancer patients",Abdo M; Belloum Y; Heigener D; Welker L; von Weihe S; Schmidt M; Heuer‐Olewinski N; Watermann I; Szewczyk M; Kropidlowski J; Pereira‐Veiga T; Elmas H; Perner S; Steurer S; Wikman H; Pantel K; Reck M,Molecular Oncology,2023,CC BY 4.0,tables_derived-PMC10158776.1_doc-p4
PMC10184566,10.1590/1980-220X-REEUSP-2022-0319en,Emotional exhaustion in nursing students. A multicenter study,Osorio-Spuler X; Illesca-Pretty M; Gonzalez-Osorio L; Masot O; Fuentes-Pumarola C; Reverté-Villarroya S; Ortega L; Rascón-Hernán C,Revista da Escola de Enfermagem da USP,2023,CC BY 4.0,tables_derived-PMC10184566.1_doc-p4
PMC10191750,10.1155/2023/8246730,Prognostic Risk Factors of 30-Day Death in Traumatic Lower Limb Fracture Patients with Acute Pulmonary Embolism: A Single-Center Retrospective Study,Li H; Yu Y; Wang Y; Zhang Q; Gu Y,Canadian Respiratory Journal,2023,CC BY 4.0,tables_derived-PMC10191750.1_doc-p6
PMC10191751,10.1155/2023/9963627,Neuropathic Pain Was Associated with Central Sensitivity Syndrome in Patients with Preoperative Lumbar Spinal Stenosis Using the painDETECT and Central Sensitization Inventory Questionnaires: A Cross-Sectional Study,Iwasaki R; Miki T; Miyazaki M; Kanetaka C; Mitsuyama T; Ota K,Pain Research & Management,2023,CC BY 4.0,tables_derived-PMC10191751.1_doc-p4
PMC10191753,10.1155/2023/3217261,Peripheral Multiple Cytokine Profiles Identified CD39 as a Novel Biomarker for Diagnosis and Reflecting Disease Severity in Allergic Rhinitis Patients,Jiang Y; Hu W; Cai Z; Lin C; Ye S,Mediators of Inflammation,2023,CC BY 4.0,tables_derived-PMC10191753.1_doc-p7
PMC10203365,10.1038/s41439-023-00238-9,Clinical diagnosis of genetic disorders at both single-nucleotide and chromosomal levels based on BGISEQ-500 platform,Liu Y; Mao L; Huang H; Li W; Man J; Zhang W; Wang L; Li L; Sun Y; Zhai T; Guo X; Du L; Huang J; Li H; Wan Y; Wei X,Human Genome Variation,2023,CC BY 4.0,tables_derived-PMC10203365.1_doc-p41
PMC10248754,10.1027/0227-5910/a000851,Status of Debtor Registration at an Enforcement Authority and Risk of Nonfatal Suicide Attempt,Rojas Y,Crisis,2022,CC BY 4.0,tables_derived-PMC10248754.1_doc-p4
PMC10248770,10.2196/40897,Patient-Centered Outcomes Associated With a Novel Office-Based Opioid Treatment Program in a District Health Department: Mixed Methods Pilot Study,Coles T; Chen H; Des Marais A; Sachdeva N; Bush C; Macon Harrison L; Guthrie S,JMIR Formative Research,2023,CC BY 4.0,tables_derived-PMC10248770.1_doc-p4
PMC10392133,10.1016/j.mcpro.2023.100595,In-Depth Mass Spectrometry Analysis Reveals the Plasma Proteomic and N-Glycoproteomic Impact of an Amish-Enriched Cardioprotective Variant in B4GALT1,Zhao Y; Nayak S; Raidas S; Guo L; Della Gatta G; Koppolu S; Halasz G; Montasser ME; Shuldiner AR; Mao Y; Li N,Molecular & Cellular Proteomics : MCP,2023,CC BY 4.0,tables_derived-PMC10392133.1_doc-p11
PMC10392159,10.1177/27550834231186682,Accessing mental health walk-in clinics and other services for children and families,Sarmiento C; Reid GJ,The Journal of Medicine Access,2023,CC BY 4.0,tables_derived-PMC10392159.1_doc-p7
PMC10395559,10.1093/gerona/glad026,Mortality Associations With DNA Methylation-Based Biological Aging and Physical Functioning Measures Across a 20-Year Follow-up Period,Föhr T; Waller K; Viljanen A; Rantanen T; Kaprio J; Ollikainen M; Sillanpää E,The Journals of Gerontology Series A: Biological Sciences and Medical Sciences,2023,CC BY 4.0,tables_derived-PMC10395559.1_doc-p4
PMC10395584,10.31729/jnma.8215,Dental Caries among Patients Visiting the Dental Outpatient Department in a Tertiary Care Centre: A Descriptive Cross-sectional Study,Karki B; Kunwar S; Gaire G; Magar KR; Bhusal L; Giri P; Subedi K,JNMA: Journal of the Nepal Medical Association,2023,CC BY 4.0,tables_derived-PMC10395584.1_doc-p2
PMC10520629,10.1002/advs.202207672,Structural Basis for the Enzymatic Activity of the HACE1 HECT‐Type E3 Ligase Through N‐Terminal Helix Dimerization,Singh S; Machida S; Tulsian NK; Choong YK; Ng J; Shankar S; Liu Y; Chandiramani KV; Shi J; Sivaraman J,Advanced Science,2023,CC BY 4.0,tables_derived-PMC10520629.1_doc-p4
PMC10520667,10.1016/j.ncrna.2023.08.003,The lncRNA DLX6-AS1/miR-16-5p axis regulates autophagy and apoptosis in non-small cell lung cancer: A Boolean model of cell death,Gupta S; Silveira DA; Mombach JCM; Hashimoto RF,Non-coding RNA Research,2023,CC BY 4.0,tables_derived-PMC10520667.1_doc-p6
PMC10569240,10.1093/hr/uhad171,A gap-free reference genome reveals structural variations associated with flowering time in rapeseed (Brassica napus),Li B; Yang Q; Yang L; Zhou X; Deng L; Qu L; Guo D; Hui R; Guo Y; Liu X; Wang T; Fan L; Li M; Yan M,Horticulture Research,2023,CC BY 4.0,tables_derived-PMC10569240.1_doc-p4
PMC10627888,10.1007/s10899-023-10249-4,Gambling Behavior of Excluded Gamblers in a Multi-venue Exclusion System: Results from a Three-Wave Survey Conducted in Switzerland,Lischer S; Schwarz J; Wallimann H; Mathys J,Journal of Gambling Studies,2023,CC BY 4.0,tables_derived-PMC10627888.1_doc-p8
PMC10627891,10.1007/s11920-023-01439-3,The Relationship Between Early Maladaptive Schemas and Cluster C Personality Disorder Traits: A Systematic Review and Meta-Analysis,Panagiotopoulos A; Despoti A; Varveri C; Wiegand MCA; Lobbestael J,Current Psychiatry Reports,2023,CC BY 4.0,tables_derived-PMC10627891.1_doc-p9
PMC10627892,10.1007/s00384-023-04552-0,Risk of anastomotic leakage with two-row versus three-row manual circular staplers in colorectal anastomosis: a U.S. cohort study,Wang T; Sadowsky M; Blakney R; Coplan P; Petraiuolo W; Soberman M; Tomaszewski J; Rene L; Wood J,International Journal of Colorectal Disease,2023,CC BY 4.0,tables_derived-PMC10627892.1_doc-p7
PMC10627893,10.1007/s40520-023-02509-5,Correction to: The Montreal Cognitive Assessment (MoCA): updated norms and psychometric insights into adaptive testing from healthy individuals in Northern Italy,Aiello EN; Gramegna C; Esposito A; Gazzaniga V; Zago S; Difonzo T; Maddaluno O; Appollonio I; Bolognini N,Aging Clinical and Experimental Research,2023,CC BY 4.0,tables_derived-PMC10627893.1_doc-p2
PMC10627911,10.1007/s00401-023-02636-3,Histopathologic brain age estimation via multiple instance learning,Marx GA; Kauffman J; McKenzie AT; Koenigsberg DG; McMillan CT; Morgello S; Karlovich E; Insausti R; Richardson TE; Walker JM; White CL; Babrowicz BM; Shen L; McKee AC; Stein TD; The PART Working Group; Farrell K; Crary JF,Acta Neuropathologica,2023,CC BY 4.0,tables_derived-PMC10627911.1_doc-p11
PMC10627924,10.1007/s10803-022-05710-z,Attitudes to Interpersonal Touch in the Workplace in Autistic and non-Autistic Groups,Penton T; Bowling N; Vafeiadou A; Hammond C; Bird G; Banissy MJ,Journal of Autism and Developmental Disorders,2022,CC BY 4.0,tables_derived-PMC10627924.1_doc-p4
PMC10627934,10.1007/s11010-023-04700-8,Biochemical study of the effect of mesenchymal stem cells-derived exosome versus l-Dopa in experimentally induced Parkinson’s disease in rats,Mohamed AS; Abdel-Fattah DS; Abdel-Aleem GA; El-Sheikh TF; Elbatch MM,Molecular and Cellular Biochemistry,2023,CC BY 4.0,tables_derived-PMC10627934.1_doc-p13
PMC10662896,10.1097/MD.0000000000034094,Physical workplace violence in the health sector in Saudi Arabia,Alhassan AK; Alsaqat RT; Al Sweleh FS,Medicine,2023,CC BY 4.0,tables_derived-PMC10662896.1_doc-p6
PMC10662926,10.1186/s12906-023-04238-8,Effects of pulmonary-based Qigong exercise in stable patients with chronic obstructive pulmonary disease: a randomized controlled trial,Jiang L; Li P; Shi J; Bao Y; Wang Z; Wu W; Liu X,BMC Complementary Medicine and Therapies,2023,CC BY 4.0,tables_derived-PMC10662926.1_doc-p10
PMC10770821,10.1111/anec.13096,The effects of a music intervention on the autonomic nervous system during recovery from strenuous exercise,Niu M; Zhao R; Wang J,Annals of Noninvasive Electrocardiology,2023,CC BY 4.0,tables_derived-PMC10770821.1_doc-p4; tables_derived-PMC10770821.1_doc-p5; tables_derived-PMC10770821.1_doc-p6
PMC10771002,10.1186/s12903-023-03818-x,"The association of endodontic prognostic factors with the presence of periapical lesion, its volume, and bone characteristics in endodontically treated molars: a cross-sectional study",Zargar N; Khosravi K; Zadsirjan S; Safi Y; Vatankhah M; Akbarzadeh Baghban A; Aghajani Varzaneh F,BMC Oral Health,2024,CC BY 4.0,tables_derived-PMC10771002.1_doc-p5; tables_derived-PMC10771002.1_doc-p6
PMC10787539,10.36469/001c.90924,Budget Impact of RefluxStop™ as a Treatment for Patients with Refractory Gastro-oesophageal Reflux Disease in the United Kingdom,Harper S; Grodzicki L; Mealing S; Gemmill E; Goldsmith P; Ahmed A,Journal of Health Economics and Outcomes Research,2024,CC BY 4.0,tables_derived-PMC10787539.1_doc-p4
PMC10854851,10.3390/ani14030449,Supplementation with Eupatilin during In Vitro Maturation Improves Porcine Oocyte Developmental Competence by Regulating Oxidative Stress and Endoplasmic Reticulum Stress,Wang J; Li YH; Liu RP; Wang XQ; Zhu MB; Cui XS; Dai Z; Kim NH; Xu YN,Animals : an Open Access Journal from MDPI,2024,CC BY 4.0,tables_derived-PMC10854851.1_doc-p5
PMC10858606,10.1186/s43008-023-00131-8,"Molecular phylogenetics of the Ophiocordyceps sinensis-species complex lineage (Ascomycota, Hypocreales), with the discovery of new species and predictions of species distribution",Dai Y; Chen S; Wang Y; Wang Y; Yang Z; Yu H,IMA Fungus,2024,CC BY 4.0,tables_derived-PMC10858606.1_doc-p7
PMC10858620,10.1177/03010066241228681,A visual bias for falling objects,Phan MH; Jörges B; Harris LR; Kingdom FAA,Perception,2024,CC BY 4.0,tables_derived-PMC10858620.1_doc-p10
PMC10858624,10.1177/08862605231205595,Digital Dating Abuse: An Application of the Theory of Planned Behavior,McArthur J; Blais J; Ternes M,Journal of Interpersonal Violence,2023,CC BY 4.0,tables_derived-PMC10858624.1_doc-p12
PMC10858627,10.1177/01632787231164489,Effect of Seclusion on Mental Health Status in Hospitalized Psychiatric Populations: A Trial Emulation using Observational Data,Baggio S; Kaiser S; Wullschleger A,Evaluation & the Health Professions,2023,CC BY 4.0,tables_derived-PMC10858627.1_doc-p3
PMC10858634,10.1186/s12954-024-00954-7,Factors associated with gaps in naloxone knowledge: evidence from a 2022 great plains survey,Cooper-Ohm S; Habecker P; Humeniuk R; Bevins RA,Harm Reduction Journal,2024,CC BY 4.0,tables_derived-PMC10858634.1_doc-p7
PMC10895232,10.1136/bmjophth-2023-001292,Needs and views on eye health and women’s empowerment and theory of change map: implication on the development of a women-targeted eyecare programme for older Zanzibari craftswomen,Omar F; McCluskey K; Mashayo E; Yong AC; Mulewa D; Graham C; Price-Sanchez C; Othman O; Graham R; Chan VF,BMJ Open Ophthalmology,2024,CC BY 4.0,tables_derived-PMC10895232.1_doc-p3
PMC10895281,10.1530/JOE-23-0326,Prenatal cortisol exposure impairs adrenal function but not glucose metabolism in adult sheep,Davies KL; Miles J; Camm EJ; Smith DJ; Barker P; Taylor K; Forhead AJ; Fowden AL,The Journal of Endocrinology,2024,CC BY 4.0,tables_derived-PMC10895281.1_doc-p3
PMC10903277,10.21470/1678-9741-2023-0091,Lactate and Lactate Clearance Are Predictive Factors for Mortality in Patients with Extracorporeal Membrane Oxygenation,Aksoy T; Arslan AH; Ugur M; Ustunsoy H,Brazilian Journal of Cardiovascular Surgery,2024,CC BY 4.0,tables_derived-PMC10903277.1_doc-p3
PMC10903282,10.3389/fpubh.2024.1247149,The causal effect of air pollution on the risk of essential hypertension: a Mendelian randomization study,Xia Z; Liu Y; Liu C; Dai Z; Liang X; Zhang N; Wu W; Wen J; Zhang H,Frontiers in Public Health,2024,CC BY 4.0,tables_derived-PMC10903282.1_doc-p4
PMC10903299,10.1158/2767-9764.CRC-23-0512,"Cumulative Incidence, Risk Factors, and Overall Survival of Disease Recurrence after Curative Resection of Stage II–III Colorectal Cancer: A Population-based Study",Boute TC; Swartjes H; Greuter MJ; Elferink MA; van Eekelen R; Vink GR; de Wilt JH; Coupé VM,Cancer Research Communications,2024,CC BY 4.0,tables_derived-PMC10903299.1_doc-p4
PMC10914689,10.1002/ags3.12748,Impact of a robotic system on intra‐abdominal infectious complications after minimally invasive gastrectomy in patients with gastric cancer: A propensity score matching analysis regarding visceral obesity,Kubo N; Sakurai K; Hasegawa T; Tamamori Y; Iseki Y; Nishii T; Shimizu S; Inue T; Nishiguchi Y; Maeda K,Annals of Gastroenterological Surgery,2023,CC BY 4.0,tables_derived-PMC10914689.1_doc-p10; tables_derived-PMC10914689.1_doc-p6; tables_derived-PMC10914689.1_doc-p7; tables_derived-PMC10914689.1_doc-p8; tables_derived-PMC10914689.1_doc-p9
PMC10914731,10.1038/s41467-024-46218-7,Homo-BacPROTAC-induced degradation of ClpC1 as a strategy against drug-resistant mycobacteria,Junk L; Schmiedel VM; Guha S; Fischel K; Greb P; Vill K; Krisilia V; van Geelen L; Rumpel K; Kaur P; Krishnamurthy RV; Narayanan S; Shandil RK; Singh M; Kofink C; Mantoulidis A; Biber P; Gmaschitz G; Kazmaier U; Meinhart A; Leodolter J; Hoi D; Junker S; Morreale FE; Clausen T; Kalscheuer R; Weinstabl H; Boehmelt G,Nature Communications,2024,CC BY 4.0,tables_derived-PMC10914731.1_doc-p5; tables_derived-PMC10914731.1_doc-p9
PMC10914833,10.1038/s41598-024-52058-8,Quantification of myocardial scar of different etiology using dark- and bright-blood late gadolinium enhancement cardiovascular magnetic resonance,Jada L; Holtackers RJ; Martens B; Nies HMJM; Van De Heyning CM; Botnar RM; Wildberger JE; Ismail TF; Razavi R; Chiribiri A,Scientific Reports,2024,CC BY 4.0,tables_derived-PMC10914833.1_doc-p6
PMC10914954,10.3389/fpls.2024.1340892,Identification of a major QTL and candidate genes analysis for branch angle in rapeseed (Brassica napus L.) using QTL-seq and RNA-seq,Lei S; Chen L; Liang F; Zhang Y; Zhang C; Xiao H; Tang R; Yang B; Wang L; Jiang H,Frontiers in Plant Science,2024,CC BY 4.0,tables_derived-PMC10914954.1_doc-p7
PMC10914967,10.3389/fpubh.2024.1336683,Demand analysis of general practice patients for teaching clinic based on Kano model,Chen Z; Yin A; Wang Y,Frontiers in Public Health,2024,CC BY 4.0,tables_derived-PMC10914967.1_doc-p3; tables_derived-PMC10914967.1_doc-p4
PMC10989850,10.1002/imt2.107,"Ultrafast one‐pass FASTQ data preprocessing, quality control, and deduplication using fastp",Chen S,iMeta,2023,CC BY 4.0,tables_derived-PMC10989850.1_doc-p4
PMC11004042,10.1007/s00701-024-06064-4,Changes in treatment of intracranial aneurysms during the last decade in a large European neurovascular center,Calvanese F; Auricchio AM; Pohjola A; Hafez A; Nurminen V; Korja M; Numminen J; Lehecka M; Raj R; Niemelä M,Acta Neurochirurgica,2024,CC BY 4.0,tables_derived-PMC11004042.1_doc-p3
PMC11004047,10.1007/s00414-024-03158-7,"Forensic age estimation of the knee by post-mortem DR, CT, and MR imaging: a comparative study",Khatam-Lashgari A; Harving ML; Villa C; Lynnerup N; Larsen ST,International Journal of Legal Medicine,2024,CC BY 4.0,tables_derived-PMC11004047.1_doc-p3
PMC11004048,10.1007/s10916-024-02059-x,Patient Engagement with Conversational Agents in Health Applications 2016–2022: A Systematic Review and Meta-Analysis,Cevasco KE; Morrison Brown RE; Woldeselassie R; Kaplan S,Journal of Medical Systems,2024,CC BY 4.0,tables_derived-PMC11004048.1_doc-p7
PMC11004050,10.1007/s10071-024-01865-7,Social demonstration of colour preference improves the learning of associated demonstrated actions,Zurek N; Aljadeff N; Khoury D; Aplin LM; Lotem A,Animal Cognition,2024,CC BY 4.0,tables_derived-PMC11004050.1_doc-p8
PMC11007360,10.1017/ice.2023.284,Diagnostic stewardship to improve patient outcomes and healthcare-associated infection (HAI) metrics,Singh HK; Claeys KC; Advani SD; Ballam YJ; Penney J; Schutte KM; Baliga C; Milstone AM; Hayden MK; Morgan DJ; Diekema DJ,Infection Control and Hospital Epidemiology,2024,CC BY 4.0,tables_derived-PMC11007360.1_doc-p3
PMC11007378,10.2196/49607,Impact of Translation on Biomedical Information Extraction: Experiment on Real-Life Clinical Notes,Gérardin C; Xiong Y; Wajsbürt P; Carrat F; Tannier X,JMIR Medical Informatics,2024,CC BY 4.0,tables_derived-PMC11007378.1_doc-p6
PMC11007379,10.2196/54067,Using ChatGPT in Psychiatry to Design Script Concordance Tests in Undergraduate Medical Education: Mixed Methods Study,Hudon A; Kiepura B; Pelletier M; Phan V,JMIR Medical Education,2024,CC BY 4.0,tables_derived-PMC11007379.1_doc-p5
PMC11007388,10.1016/j.vaccine.2024.02.077,Safety and immunogenicity of Innovax bivalent human papillomavirus vaccine in girls 9–14 years of age: Interim analysis from a phase 3 clinical trial,Zaman K; Schuind AE; Adjei S; Antony K; Aponte JJ; Buabeng PB; Qadri F; Kemp TJ; Hossain L; Pinto LA; Sukraw K; Bhat N; Agbenyega T,Vaccine,2024,CC BY 4.0,tables_derived-PMC11007388.1_doc-p8
PMC11007410,10.3934/publichealth.2024005,Systematic review of mediterranean diet interventions in menopausal women,Gonçalves C; Moreira H; Santos R,AIMS Public Health,2024,CC BY 4.0,tables_derived-PMC11007410.1_doc-p12
PMC11133081,10.3758/s13428-023-02222-1,Validation of scrambling methods for vocal affect bursts,Ziereis A; Schacht A,Behavior Research Methods,2023,CC BY 4.0,tables_derived-PMC11133081.1_doc-p7
PMC11133092,10.1007/s00464-024-10844-5,Minimally invasive versus open multivisceral resection for rectal cancer clinically invading adjacent organs: a propensity score-matched analysis,Abe S; Nozawa H; Sasaki K; Murono K; Emoto S; Yokoyama Y; Matsuzaki H; Nagai Y; Shinagawa T; Sonoda H; Ishihara S,Surgical Endoscopy,2024,CC BY 4.0,tables_derived-PMC11133092.1_doc-p5
PMC11133101,10.1007/s11121-023-01557-7,Adaptations of an Effective Evidence-Based Pediatric Weight Management Intervention,Bartee RT; Heelan KA; Golden CA; Hill JL; Porter GC; Abbey BA; George K; Foster N; Estabrooks PA,Prevention Science,2023,CC BY 4.0,tables_derived-PMC11133101.1_doc-p5
PMC11133104,10.1007/s12306-023-00790-1,Constraint degree in revision total knee replacement: a registry study on 1432 patients,Digennaro V; Brunello M; Di Martino A; Panciera A; Bordini B; Bulzacki Bogucki BD; Ferri R; Cecchin D; Faldini C,Musculoskeletal Surgery,2023,CC BY 4.0,tables_derived-PMC11133104.1_doc-p2
PMC11133109,10.1007/s00234-024-03336-9,Midterm follow-up after embolization of intracranial aneurysms proximal to the circle of Willis with the Silk Vista flow diverter: the I-MAMA registry,Da Ros V; Sabuzi F; D’Argento F; Pedicelli A; Gavrilovic V; Sponza M; Di Giuliano F; Biraschi F; Iacobucci M; Grillea G; Bartolo A; Patassini M; Remida P; Quilici L; Faragò G; Varrassi M; Cavasin N; Arpesani R; Giordano AV; Umana G; Garaci F; Floris R,Neuroradiology,2024,CC BY 4.0,tables_derived-PMC11133109.1_doc-p2
PMC11133110,10.1007/s11230-024-10165-0,"Uncovering further diversity of Ochoterenatrema Caballero, 1943 (Digenea: Lecithodendriidae) in South American bats",Tkach VV; Gasperetti R; Fernandes TF; Carrión-Bonilla CA; Cook JA; Achatz TJ,Systematic Parasitology,2024,CC BY 4.0,tables_derived-PMC11133110.1_doc-p3
PMC11159539,10.1177/15330338241252622,Bone Marrow Sparing by Intensity Modulated Proton Beam Therapy in Postoperative Irradiation of Gynecologic Malignancies,Wark A; Gupta A; Meixner E; König L; Hörner-Rieber J; Forster T; Lang K; Ellerbrock M; Herfarth K; Debus J; Arians N,Technology in Cancer Research & Treatment,2024,CC BY 4.0,tables_derived-PMC11159539.1_doc-p5
PMC11236411,10.1097/j.pbj.0000000000000260,How are agitated patients dealt with in internal medicine departments?,Ferraz-Gonçalves JA; Silva AS; Reis JS; Assis JG; Matos MI; Matias P; Alves S,Porto Biomedical Journal,2024,CC BY 4.0,tables_derived-PMC11236411.1_doc-p4
PMC11249020,10.2340/17453674.2024.41011,"Responders to first-line osteoarthritis treatment had reduced frequency of hip and knee joint replacements within 5 years: an observational register-based study of 44,311 patients",GUSTAFSSON K; CRONSTRÖM A; ROLFSON O; AGEBERG E; JÖNSSON T,Acta Orthopaedica,2024,CC BY 4.0,tables_derived-PMC11249020.1_doc-p4
PMC11300660,10.1007/s00259-024-06653-6,First-in-human validation of a DROP-IN β-probe for robotic radioguided surgery: defining optimal signal-to-background discrimination algorithm,Collamati F; Morganti S; van Oosterom MN; Campana L; Ceci F; Luzzago S; Mancini-Terracciano C; Mirabelli R; Musi G; Nicolanti F; Orsi I; van Leeuwen FWB; Faccini R,European Journal of Nuclear Medicine and Molecular Imaging,2024,CC BY 4.0,tables_derived-PMC11300660.1_doc-p6; tables_derived-PMC11300660.1_doc-p9
PMC11300734,10.1007/s10278-024-01028-7,Developing a Radiomics Atlas Dataset of normal Abdominal and Pelvic computed Tomography (RADAPT),Kapetanou E; Malamas S; Leventis D; Karantanas AH; Klontzas ME,Journal of Imaging Informatics in Medicine,2024,CC BY 4.0,tables_derived-PMC11300734.1_doc-p5
PMC11327485,10.1002/bco2.363,Optimal Management for Primary High Grade Ta Bladder Cancer: Role of re‐staging TURBT and Intravesical Adjuvant Therapy,Ajami T; Han S; Blachman‐Braun R; Hougen HY; Avda Y; Gonzalgo ML; Nahar B; Punnen S; Parekh DJ; Reis IM; Ritch CR,BJUI Compass,2024,CC BY 4.0,tables_derived-PMC11327485.1_doc-p3; tables_derived-PMC11327485.1_doc-p4
PMC11374544,10.1017/S136898002400034X,"Nutritional, environmental and economic implications of children plate waste at school: a comparison between two Italian case studies",Biasini B; Donati M; Rosi A; Giopp F; Colić Barić I; Bituh M; Brečić R; Brennan M; Ilić A; Quarrie S; Sayed M; Tregear A; Menozzi D; Scazzina F,Public Health Nutrition,2024,CC BY 4.0,tables_derived-PMC11374544.1_doc-p7
PMC11411942,10.1128/jb.00228-24,Nature should be the model for microbial sciences,Baker BJ; Hyde E; Leão P,Journal of Bacteriology,2024,CC BY 4.0,tables_derived-PMC11411942.1_doc-p3
PMC11411994,10.1186/s12989-024-00600-x,The chemical composition of secondary organic aerosols regulates transcriptomic and metabolomic signaling in an epithelial-endothelial in vitro coculture,Offer S; Di Bucchianico S; Czech H; Pardo M; Pantzke J; Bisig C; Schneider E; Bauer S; Zimmermann EJ; Oeder S; Hartner E; Gröger T; Alsaleh R; Kersch C; Ziehm T; Hohaus T; Rüger CP; Schmitz-Spanke S; Schnelle-Kreis J; Sklorz M; Kiendler-Scharr A; Rudich Y; Zimmermann R,Particle and Fibre Toxicology,2024,CC BY 4.0,tables_derived-PMC11411994.1_doc-p12
PMC11419953,10.1093/bioinformatics/btae539,CSV-Filter: a deep learning-based comprehensive structural variant filtering method for both short and long reads,Xia Z; Xiang W; Wang Q; Li X; Li Y; Gao J; Tang T; Yang C; Cui Y,Bioinformatics,2024,CC BY 4.0,tables_derived-PMC11419953.1_doc-p7
PMC11490227,10.7717/peerj.18336,Determination of natural populations to be included in breeding program in St. John’s wort species (Hypericum perforatum L.),Uysal Bayar F,PeerJ,2024,CC BY 4.0,tables_derived-PMC11490227.1_doc-p6
PMC11572126,10.1186/s12883-024-03959-8,Cognitive impact and brain structural changes in long COVID patients: a cross-sectional MRI study two years post infection in a cohort from Argentina,Cataldo SA; Micciulli A; Margulis L; Cibeyra M; Defeo S; Horovitz SG; Martino A; Melano R; Mena M; Parisi F; Santoro D; Sarmiento F; Belzunce MA,BMC Neurology,2024,CC BY 4.0,tables_derived-PMC11572126.1_doc-p9
PMC11644732,10.3390/polym16233242,Sustainable Transformation of Cellulose-Containing Textile Waste into Multifunctional Panels with Tailored FR-Lignocellulosic Fibres,Lamoudan H; Abenghal L; Belosinschi D; Brouillette F; Dolez P; Panneton R; Fonrouge C,Polymers,2024,CC BY 4.0,tables_derived-PMC11644732.1_doc-p7; tables_derived-PMC11644732.1_doc-p8
PMC11644769,10.3390/plants13233269,Unconventional Germination in Terrestrial Plants: A Counterintuitive Case in Desiccation-Sensitive Garcinia aristata (Clusiaceae) Seeds Showing Seedling Growth Without Roots,Jaganathan GK; Sánchez JA; Pernús M; Liu B,Plants,2024,CC BY 4.0,tables_derived-PMC11644769.1_doc-p6
PMC11653570,10.1093/jisesa/ieae116,The spatiotemporal patterns of the beet webworm (Lepidoptera: Crambidae) in China and possible dynamics under future climate scenarios,Zhang J; Yang Q; Zhao Z; Yu X; Wei J; Cheng H; Zhao X; Yang M; Jin B,Journal of Insect Science,2024,CC BY 4.0,tables_derived-PMC11653570.1_doc-p3
PMC11693820,10.1111/josh.13509,Primary School Pupils' Perceptions and Experiences of Wearable Technologies,Wort GK; Wiltshire G; Sebire S; Peacock O; Thompson D,The Journal of School Health,2024,CC BY 4.0,tables_derived-PMC11693820.1_doc-p2
PMC11693824,10.1111/cdev.14162,Do home mathematical activities relate to early mathematical skills? A systematic review and meta‐analysis,James‐Brabham E; von Bastian CC; Brough C; Blakey E,Child Development,2024,CC BY 4.0,tables_derived-PMC11693824.1_doc-p7
PMC11693828,10.1002/uog.29134,Routine 36‐week scan: prediction of small‐for‐gestational‐age neonate,Adjahou S; Syngelaki A; Nanda M; Papavasileiou D; Akolekar R; Nicolaides KH,Ultrasound in Obstetrics & Gynecology,2024,CC BY 4.0,tables_derived-PMC11693828.1_doc-p3
PMC11693844,10.1002/clc.70069,Unmasking the Hidden Threat: The Role of Left Ventricular Subendocardial Involvement in Autoimmune Rheumatic Disease,Wu D; Li X; Guo T; Feng X; Li X; Wang Y; Chen W,Clinical Cardiology,2025,CC BY 4.0,tables_derived-PMC11693844.1_doc-p5
PMC11742400,10.1038/s41420-024-02285-9,pir-hsa-216911 inhibit pyroptosis in hepatocellular carcinoma by suppressing TLR4 initiated GSDMD activation,Liao Z; Yang L; Cheng X; Huang X; Zhang Q; Wen D; Song Z; Li Y; Wen S; Li Y; Ou M; Huang Z; Liu T; He M,Cell Death Discovery,2025,CC BY 4.0,tables_derived-PMC11742400.1_doc-p10
PMC11757646,10.1007/s13258-024-01597-5,A combination of upstream alleles involved in rice heading hastens natural long-day responses,Kim MS; Kim JS; Song SI; Jun KM; Shim SH; Jeon JS; Lee TH; Lee SB; Lee GS; Kim YK,Genes & Genomics,2024,CC BY 4.0,tables_derived-PMC11757646.1_doc-p7
PMC11757657,10.1007/s12022-025-09846-3,Deep Learning Enabled Scoring of Pancreatic Neuroendocrine Tumors Based on Cancer Infiltration Patterns,Koc S; Eren OC; Esmer R; Kasapoglu FU; Saka B; Taskin OC; Bagci P; Adsay NV; Gunduz-Demir C,Endocrine Pathology,2025,CC BY 4.0,tables_derived-PMC11757657.1_doc-p3
PMC11757664,10.1007/s00415-024-12855-7,Feasibility and effects of cognitive training on cognition and psychosocial function in Huntington’s disease: a randomised pilot trial,Huynh K; Jamadar SD; Lampit A; Siddiqui MN; Stout JC; Georgiou-Karistianis N,Journal of Neurology,2025,CC BY 4.0,tables_derived-PMC11757664.1_doc-p7
PMC11887323,10.1186/s13722-025-00550-5,An investigation of drug use among first-time arrestees from 25 county jails across the United States in 2023,Schumacher JE; Ahsan A; Simpler AH; Natoli AP; Cain BJ,Addiction Science & Clinical Practice,2025,CC BY 4.0,tables_derived-PMC11887323.1_doc-p7
PMC11892876,10.1371/journal.pgph.0004322,Evaluation of the relationship between consumption of carbonated soft drinks/fast food and anxiety-related sleep disturbance in school adolescents in Bangladesh,Arnob RH; Akter S; Rahman MM,PLOS Global Public Health,2025,CC BY 4.0,tables_derived-PMC11892876.1_doc-p9
PMC11892917,10.18632/aging.206194,"Diet, lifestyle and telomere length: using Copula Graphical Models on NHANES data",Tedaldi AM; Behrouzi P; Grootswagers P,Aging (Albany NY),2025,CC BY 4.0,tables_derived-PMC11892917.1_doc-p3
PMC11919220,10.1155/2024/6633510,Meta-Analysis of Brain Volumetric Abnormalities in Patients with Remitted Major Depressive Disorder,Xu X; Zhou Q; Wen F; Yang M,Depression and Anxiety,2024,CC BY 4.0,tables_derived-PMC11919220.1_doc-p4
PMC11919222,10.1155/2023/4955235,Reasons and Resolutions for Inconsistent Variant Interpretation,Lin L; Pan H; Qi Y; Ma Y; Qiu L,Human Mutation,2023,CC BY 4.0,tables_derived-PMC11919222.1_doc-p3
PMC12016962,10.1155/2024/5785557,Genetic and Pathogenic Characteristics of an Emerging Highly Virulent Recombinant Lineage Korean Clade C PRRSV Strain,Suh J; Chae C,Transboundary and Emerging Diseases,2024,CC BY 4.0,tables_derived-PMC12016962.1_doc-p11
PMC12016964,10.1155/2023/6906023,Adolescent- and Young Adult-Reported Outcomes and Use of Continuous Glucose Monitoring Features: A Report from the CITY Trial,Messer LH; Bauza C; Miller KM; Clements MA; DeSalvo DJ; Sherr J; Weinstock RS; Hood K; Laffel LM,Pediatric Diabetes,2023,CC BY 4.0,tables_derived-PMC12016964.1_doc-p4
PMC12032983,10.1515/tnsci-2025-0369,Establishing the pig as a translational animal model for neurodevelopment,Sutkus LT; Li Z; Dilger RN,Translational Neuroscience,2025,CC BY 4.0,tables_derived-PMC12032983.1_doc-p4
PMC12032997,10.1111/joim.20079,Non‐steroidal anti‐inflammatory drugs and risk of kidney cancer: A Swedish nationwide cohort study in the general and high‐use populations,Wadström H; Askling J; Gedeborg R; Feltelius N; Hellgren K,Journal of Internal Medicine,2025,CC BY 4.0,tables_derived-PMC12032997.1_doc-p3
PMC12077087,10.1128/jcm.00033-25,Population structure of Helicobacter pylori and antibiotic resistance-associated variants in a high-risk area of gastric cancer,Jin QY; Torres RC; Yang C; He LH; Liu ZC; Li WQ; Liu WD; Zhang LF; Falush D; Zhang Y; Pan KF,Journal of Clinical Microbiology,2025,CC BY 4.0,tables_derived-PMC12077087.1_doc-p8
PMC12077129,10.1128/mbio.04060-24,Novel small non-coding RNAs of Epstein-Barr virus upregulated upon lytic reactivation aid in viral genomic replication and virion production,Banerjee S; Bose D; Johnson S; Liu J; Virgin H; Robertson ES,mBio,2025,CC BY 4.0,tables_derived-PMC12077129.1_doc-p11
PMC12086513,10.1002/brb3.70562,Predictive Value of the Early Spontaneous Movements for Preterm Infants’ Neurodevelopmental Outcome at 12 Months’ Corrected Age,Yildiz A; Yildiz R; Apaydin U; Efkere PA; Zorlular R; Elbasan B,Brain and Behavior,2025,CC BY 4.0,tables_derived-PMC12086513.1_doc-p5
PMC12109834,10.3390/cimb47050367,Mechanisms of Immune Evasion in HIV-1: The Role of Virus-Host Protein Interactions,Mouzakis A; Petrakis V; Tryfonopoulou E; Panopoulou M; Panagopoulos P; Chlichlia K,Current Issues in Molecular Biology,2025,CC BY 4.0,tables_derived-PMC12109834.1_doc-p11
PMC12109855,10.3390/curroncol32050283,Healthcare Resource Use and Costs of Allogeneic Hematopoietic Stem Cell Transplantation Complications: A Scoping Review,Kim NV; McErlean G; Yu S; Kerridge I; Greenwood M; De Abreu Lourenco R,Current Oncology,2025,CC BY 4.0,tables_derived-PMC12109855.1_doc-p5
PMC12167036,10.1002/edm2.70070,Predictors of Hypocalcemia Post Parathyroidectomy for Primary Hyperparathyroidism; a Single Center Study,Obeidat KA; Saadeh NA; Msameh R; Obeidat A; Mar'ey O; Bakkar A; Manasrah Q,"Endocrinology, Diabetes & Metabolism",2025,CC BY 4.0,tables_derived-PMC12167036.1_doc-p4
PMC12209750,10.1002/art.43125,Genome‐Wide Aggregated Trans Effects Analysis Identifies Genes Encoding Immune Checkpoints as Core Genes for Rheumatoid Arthritis,Spiliopoulou A; Iakovliev A; Plant D; Sutcliffe M; Sharma S; Cubuk C; Lewis M; Pitzalis C; Barton A; McKeigue PM,"Arthritis & Rheumatology (Hoboken, N.j.)",2025,CC BY 4.0,tables_derived-PMC12209750.1_doc-p6
PMC12209768,10.12688/wellcomeopenres.23616.2,Study protocol for the Bio-HEAT study: Investigating the Biological pathways from HEAT exposure to preterm birth and other adverse maternal and child health outcomes in South Africa,Solarin I; Lakhoo DP; Mc Alpine K; Brennan MM; Chikandiwa A; Brink NB; Radebe L; Landsberg M; Gray C; Hofmeyr GJ; Chang H; Hetem R; Makhanya S; Mpangase PT; Norris S; Urban M; Vannevel V; Wise A; Chersich MF; Technau KG; Strehlau R,Wellcome Open Research,2025,CC BY 4.0,tables_derived-PMC12209768.2_doc-p13
PMC12209785,10.1093/jac/dkaf142,Efficacy and tolerability of the combination of minocycline and metronidazole for macrolide-resistant Mycoplasma genitalium,Htaik K; Vodstrcil LA; Plummer EL; Matthews LG; Aguirre I; Chow EPF; Fairley CK; Bradshaw CS,Journal of Antimicrobial Chemotherapy,2025,CC BY 4.0,tables_derived-PMC12209785.1_doc-p5
PMC12215235,10.1111/add.70033,Amphetamine use and mental health difficulties across adolescence and young adulthood: An integrative data analysis of four Australasian cohort studies,Greenwood CJ; Foulds J; McKetin R; Aarsman SR; Hutchinson D; Kerr J; Heerde JA; Toumbourou JW; Boden JM; Slade T; Bonomo Y; Letcher P; Olsson CA,"Addiction (Abingdon, England)",2025,CC BY 4.0,tables_derived-PMC12215235.1_doc-p6
PMC12215244,10.1111/jsr.14426,Accelerometry for sleep assessment in children: Criterium validity of different algorithms in wrist‐ and ankle‐worn devices,Burger P; Kruisinga FH; Lettink A; Chinapaw MJM; Gemke RJBJ,Journal of Sleep Research,2024,CC BY 4.0,tables_derived-PMC12215244.1_doc-p6
PMC12285057,10.1186/s40001-025-02933-5,Dynamic alterations and clinical implications of the plasma proteome in pediatric sepsis,Fan S; Liu X; Zhao Z; Liu Y; Jiang Y; Zeng S,European Journal of Medical Research,2025,CC BY 4.0,tables_derived-PMC12285057.1_doc-p9
PMC12285066,10.1186/s41065-025-00502-8,miR-370-3p affects the progression of postmenopausal osteoporosis through targeting INO80,Yang Z; Sheng Y; Liu X; Cen M; Xu Y,Hereditas,2025,CC BY 4.0,tables_derived-PMC12285066.1_doc-p4
PMC12285070,10.1186/s12978-025-02056-4,Does prolonged postpartum insusceptibility undercut the impact of postpartum family planning programming in Sub-Saharan Africa?,Eustis-Guthrie S; Williamson B; Shah I,Reproductive Health,2025,CC BY 4.0,tables_derived-PMC12285070.1_doc-p3
PMC12285077,10.1186/s13071-025-06919-4,Identification of tickborne pathogens in cattle and sheep ticks from Kyrgyzstan using next-generation sequencing,Seo JY; Park JS; Aknazarov B; Lee HI,Parasites & Vectors,2025,CC BY 4.0,tables_derived-PMC12285077.1_doc-p7
PMC12304102,10.1038/s41416-025-03059-5,Systematic review of clinical practice guidelines for long-term breast cancer survivorship: assessment of quality and evidence-based recommendations,Pimentel-Parra GA; García-Vivar C; Escalada-Hernández P; San Martín-Rodríguez L; Soto-Ruiz N,British Journal of Cancer,2025,CC BY 4.0,tables_derived-PMC12304102.1_doc-p5
PMC12337462,10.1186/s12911-025-03118-0,Evaluating gender bias in large language models in long-term care,Rickman S,BMC Medical Informatics and Decision Making,2025,CC BY 4.0,tables_derived-PMC12337462.1_doc-p6
PMC12344835,10.1186/s11689-025-09639-z,"Challenges with shifting, regardless of disengagement: attention mechanisms and eye movements in Williams syndrome",Hallman A; Willfors C; Fawcett C; Frick MA; Nordgren A; Kleberg JL,Journal of Neurodevelopmental Disorders,2025,CC BY 4.0,tables_derived-PMC12344835.1_doc-p5
PMC12344859,10.1111/jcmm.70753,TRIM47 Facilitates Osteosarcoma Progression via Destabilising FBP1 and Thus Activation of Wnt/β‐Catenin Pathway,Wang H; Chen X; Nie F; Zhong M; Fang Z; Qiu Z; Zhou L; Le Y; Wei X; Liao Y; Fang Z,Journal of Cellular and Molecular Medicine,2025,CC BY 4.0,tables_derived-PMC12344859.1_doc-p2
PMC12344860,10.5152/tjg.2025.24518,Can the Mucosa Heal Histologically in Celiac Disease? What are the Indicators of Remission in Celiac Patients?,Ebik B; Bacaksiz F; Akkuzu MZ; Yavuz A; Karabulut Ü; Kaya M,The Turkish Journal of Gastroenterology,2025,CC BY 4.0,tables_derived-PMC12344860.1_doc-p4
PMC12355832,10.1186/s40779-025-00639-7,Sudden cardiac arrest mortality in China: temporal trends and risk factors,Yu Y; Wang J; Wang JF; Liu JM; Liu XJ; Gao YC; Wang S; Ding Y; Lu Y; Zhou MG; Ng M; Ao HS,Military Medical Research,2025,CC BY 4.0,tables_derived-PMC12355832.1_doc-p6
PMC12397559,10.1096/fj.202501321RR,Autophagy Protease ATG4D Facilitates Proliferation and Malignancy of Osteosarcoma Cells,Liu P; Yang S; Yang W; Huang S; Tsai C; Hsu C; Tseng H; Lee C; Shu C,The FASEB Journal,2025,CC BY 4.0,tables_derived-PMC12397559.1_doc-p11
PMC12397560,10.1177/10731911241289249,Latent Structure and Item Functioning of Self-Referent Encoding Task Word Stimuli in Preadolescent Youth,Gabel LN; Olino TM; Goldstein BL; Klein DN; Stanton K; Hayden EP,Assessment,2024,CC BY 4.0,tables_derived-PMC12397560.1_doc-p8
PMC12397577,10.1093/ejendo/lvaf167,Premature adrenarche and metabolic risk: a systematic review and meta-analysis,Ben Said W; Lempesis IG; Fernandez-Garcia S; Thangaratinam S; Arlt W; Idkowiak J,European Journal of Endocrinology,2025,CC BY 4.0,tables_derived-PMC12397577.1_doc-p5
PMC12397681,10.1002/smi.70103,Psychiatric Morbidity Following Intestinal Infectious Diseases: A Nationwide Cohort Study in South Korea,Kang C; Lee SW; Jung H; Bae Y,Stress and Health,2025,CC BY 4.0,tables_derived-PMC12397681.1_doc-p4
PMC12397717,10.1111/pai.70147,"Pre‐chewing for weaning: A traditional method for allergy prevention? Rationale, study design, and methods of the open‐label trial—Solids‐by‐Kiss",Ahrens B; Meixner L; Sturmfels M; Kalb B; Fischl A; Schwendicke F; Blumchen K; Fickenscher A; Schäfer L; Holzhauser T; Schnadt S; Beyer K,Pediatric Allergy and Immunology,2025,CC BY 4.0,tables_derived-PMC12397717.1_doc-p6
PMC12397719,10.1111/aphw.70072,"Social, emotional, and personality factors shape four psychological well‐being profiles: A clustering approach in young adults with affinity propagation algorithm",Pelagi A; Camastra C; Sarica A,Applied Psychology. Health and Well-Being,2025,CC BY 4.0,tables_derived-PMC12397719.1_doc-p11
PMC12397725,10.2807/1560-7917.ES.2025.30.34.2500122,"Oral PrEP use and intention to use long-acting PrEP regimens among MSM accessing PrEP via governmental and non-governmental provision pathways, 20 European countries, October 2023 to April 2024",Wang H; Adriaque Lozano A; Kolstee J; Zimmermann HM; Tosh J; Schroeder M; Appiah A; Jonas KJ,Eurosurveillance,2025,CC BY 4.0,tables_derived-PMC12397725.1_doc-p5
PMC12399693,10.1007/s00394-025-03768-w,Dietary vitamin D and gastric cancer risk within the stomach cancer pooling (stop) project,Santucci C; Natale A; Pelucchi C; Bonzi R; Lunet N; Morais S; Vioque J; González-Palacios S; Aragonés N; Castaño-Vinyals G; Malekzadeh R; Pakseresht M; Negri E; Boffetta P; Camargo MC; Curado MP; Zhang ZF; Boccia S; La Vecchia C; Rossi M,European Journal of Nutrition,2025,CC BY 4.0,tables_derived-PMC12399693.1_doc-p4
PMC12399694,10.1007/s10840-025-02018-7,Predicting outcomes in persistent atrial fibrillation: the impact of surface ECG f-wave amplitude following pulmonary vein isolation,Baskaralingam A; Marchetti M; Solana-Munoz J; Teres C; Le Bloa M; Porretta AP; Domenichini G; Ascione C; Roten L; Knecht S; Kühne M; Sticherling C; Pascale P; Pruvot E; Luca A,Journal of Interventional Cardiac Electrophysiology,2025,CC BY 4.0,tables_derived-PMC12399694.1_doc-p8
PMC12399701,10.1007/s12094-025-03888-z,Prognostic utility of the CALLY index in metastatic melanoma: building a nomogram for Patients on Anti-PD-1 therapy,Acar C; Yüksel HÇ; Şahin G; Açar FP; Gunenc D; Karaca B,Clinical & Translational Oncology,2025,CC BY 4.0,tables_derived-PMC12399701.1_doc-p4
PMC12399715,10.1007/s00590-025-04491-2,Risk of nonunion for dual plate versus single plate fixation for humeral shaft and distal humerus fractures: a systematic review and meta-analysis,Baumann AN; Talaski GM; Yazdanpanah S; Guthrie T; Sanda T; Makowski M,European Journal of Orthopaedic Surgery & Traumatology,2025,CC BY 4.0,tables_derived-PMC12399715.1_doc-p12
PMC12399732,10.1007/s00405-025-09337-5,Preliminary results of a new endoscopic underlay cartilage tympanoplasty with lateral malleolar flap,Atabey P; Camalan BV; Demirel H; Balur MB; Doluoglu S,European Archives of Oto-Rhino-Laryngology,2025,CC BY 4.0,tables_derived-PMC12399732.1_doc-p5
PMC12399736,10.1186/s13717-025-00639-4,Soil and forest floor respiration already acclimated to increasing temperatures in a mixed deciduous forest,Scapucci L; Krebs L; Burri S; Hörtnagl L; Buchmann N,Ecological Processes,2025,CC BY 4.0,tables_derived-PMC12399736.1_doc-p15
PMC12418390,10.1093/nar/gkaf865,FmH2ST: foundation model-based spatial transcriptomics generation from histological images,Wang Y; Wang J; Xu Y; Liu N; Liu B; Li Y; Yu G,Nucleic Acids Research,2025,CC BY 4.0,tables_derived-PMC12418390.1_doc-p10
PMC12430018,10.3390/nu17172802,Exploring the Lifestyle and Dietary Patterns of Food Supplement and Non-Food Supplement Users: A Cross-Sectional Study in the Portuguese Population,Campos MJ; Garbacz A; Czlapka-Klapinska N; Czlapka-Matyasik M; Pena A,Nutrients,2025,CC BY 4.0,tables_derived-PMC12430018.1_doc-p9
PMC12516881,10.1186/s12963-025-00422-9,Accounting for uncertainty in conflict mortality estimation: an application to the Gaza War in 2023-2024,Gómez-Ugarte AC; Chen I; Acosta E; Basellini U; Alburez-Gutierrez D,Population Health Metrics,2025,CC BY 4.0,tables_derived-PMC12516881.1_doc-p9
PMC12516954,10.1093/ismeco/ycaf160,Experimental evolution of a mammalian holobiont: bank voles selected for herbivorous capability evolved distinct and robust gut bacterial communities,Lipowska MM; Sadowska ET; Kohl KD; Koteja P,ISME Communications,2025,CC BY 4.0,tables_derived-PMC12516954.1_doc-p10
PMC12719449,10.3389/fsysb.2025.1651930,BioMedKG: multimodal contrastive representation learning in augmented BioMedical knowledge graphs,Dang T; Nguyen VTD; Le MT; Hy TS,Frontiers in Systems Biology,2025,CC BY 4.0,tables_derived-PMC12719449.1_doc-p10
